problem,regime,budget,model,rmse,n_predictions
mdgnc,A,25,BLR,0.8567154301645756,3626
mdgnc,A,25,ESP,0.5384520342243224,3626
mdgnc,A,25,Hierarchical,0.7483084181290448,3626
mdgnc,A,25,KPLS,1.6094097892341608,3626
mdgnc,A,25,MG LD-WLOA,0.37289710173634233,3626
mdgnc,A,50,BLR,0.7621793829196244,6351
mdgnc,A,50,ESP,0.30847594860298183,6351
mdgnc,A,50,Hierarchical,0.6598193116880564,6351
mdgnc,A,50,KPLS,1.0541329074014536,6351
mdgnc,A,50,MG LD-WLOA,0.2289487354206871,6351
mdgnc,A,75,BLR,0.5930434013184936,8428
mdgnc,A,75,ESP,0.2492492435673169,8428
mdgnc,A,75,Hierarchical,0.4941921487001609,8428
mdgnc,A,75,KPLS,0.7512429302111693,8428
mdgnc,A,75,MG LD-WLOA,0.20810432794986056,8428
mdgnc,A,100,BLR,0.5754936194208188,9911
mdgnc,A,100,ESP,0.2657994523476728,9911
mdgnc,A,100,Hierarchical,0.37278413167552243,9911
mdgnc,A,100,KPLS,0.5933431342003007,9911
mdgnc,A,100,MG LD-WLOA,0.17695354164498484,9911
mdgnc,A,125,BLR,0.620270597420288,11334
mdgnc,A,125,ESP,0.26866152478943384,11334
mdgnc,A,125,Hierarchical,0.30828195173834905,11334
mdgnc,A,125,KPLS,0.6190444957858071,11334
mdgnc,A,125,MG LD-WLOA,0.18551057055720277,11334
mdgnc,A,150,BLR,0.5335677552377412,12002
mdgnc,A,150,ESP,0.2746704162354271,12002
mdgnc,A,150,Hierarchical,0.2985859709181955,12002
mdgnc,A,150,KPLS,0.46680282270668494,12002
mdgnc,A,150,MG LD-WLOA,0.16480685945743545,12002
mdgnc,A,175,BLR,0.5531915263051059,12325
mdgnc,A,175,ESP,0.2881804732931068,12325
mdgnc,A,175,Hierarchical,0.2743261438440081,12325
mdgnc,A,175,KPLS,0.5156185474162642,12325
mdgnc,A,175,MG LD-WLOA,0.16455384265754655,12325
mdgnc,A,200,BLR,0.5516764765207061,12692
mdgnc,A,200,ESP,0.2397005213919481,12692
mdgnc,A,200,Hierarchical,0.35434904524932237,12692
mdgnc,A,200,KPLS,0.4604220894287573,12692
mdgnc,A,200,MG LD-WLOA,0.15803859537068374,12692
mdgnc,A,225,BLR,0.5537539797585274,13284
mdgnc,A,225,ESP,0.27493321583767333,13284
mdgnc,A,225,Hierarchical,0.2604101448777275,13284
mdgnc,A,225,KPLS,0.44666616389740205,13284
mdgnc,A,225,MG LD-WLOA,0.15328166987614467,13284
mdgnc,A,250,BLR,0.5902179908141698,13293
mdgnc,A,250,ESP,0.24366091583973445,13293
mdgnc,A,250,Hierarchical,0.2760796732180291,13293
mdgnc,A,250,KPLS,0.49956942411910255,13293
mdgnc,A,250,MG LD-WLOA,0.14825775515612413,13293
mdgnc,A,275,BLR,0.6387669384368141,13293
mdgnc,A,275,ESP,0.26598941014323874,13293
mdgnc,A,275,Hierarchical,0.45735122113909893,13293
mdgnc,A,275,KPLS,0.5308092363142102,13293
mdgnc,A,275,MG LD-WLOA,0.14448109874613038,13293
mdgnc,A,300,BLR,0.6811913611144984,13293
mdgnc,A,300,ESP,0.23975830416866853,13293
mdgnc,A,300,Hierarchical,0.3618399772648173,13293
mdgnc,A,300,KPLS,0.5562103714056239,13293
mdgnc,A,300,MG LD-WLOA,0.1375791952149487,13293
mdgnc,B,25,BLR,1.2843097578546456,38655
mdgnc,B,25,ESP,0.9574785616924826,38655
mdgnc,B,25,Hierarchical,1.5006128340312925,38655
mdgnc,B,25,KPLS,1.6971595676961262,38655
mdgnc,B,25,MG LD-WLOA,0.7226654376592616,38655
mdgnc,B,50,BLR,1.1457733009322741,33335
mdgnc,B,50,ESP,0.621567231490764,33335
mdgnc,B,50,Hierarchical,0.8643466753990997,33335
mdgnc,B,50,KPLS,1.2455303623181204,33335
mdgnc,B,50,MG LD-WLOA,0.5323828949611332,33335
mdgnc,B,75,BLR,1.3980059323934722,28496
mdgnc,B,75,ESP,0.6405418822926662,28496
mdgnc,B,75,Hierarchical,0.7003147740632851,28496
mdgnc,B,75,KPLS,0.9059580848091576,28496
mdgnc,B,75,MG LD-WLOA,0.44883593682816614,28496
mdgnc,B,100,BLR,1.191283625271961,24408
mdgnc,B,100,ESP,0.6385282462646596,24408
mdgnc,B,100,Hierarchical,0.6616928082712658,24408
mdgnc,B,100,KPLS,0.8467196046817282,24408
mdgnc,B,100,MG LD-WLOA,0.41807581542331895,24408
mdgnc,B,125,BLR,1.2656153600542945,21043
mdgnc,B,125,ESP,0.5231690246627844,21043
mdgnc,B,125,Hierarchical,0.6915233688192359,21043
mdgnc,B,125,KPLS,0.9210577045807155,21043
mdgnc,B,125,MG LD-WLOA,0.43955824534916293,21043
mdgnc,B,150,BLR,1.3886884730424534,17236
mdgnc,B,150,ESP,0.6439104779045893,17236
mdgnc,B,150,Hierarchical,0.6445662068441845,17236
mdgnc,B,150,KPLS,0.8241201683540993,17236
mdgnc,B,150,MG LD-WLOA,0.45645950133454133,17236
mdgnc,B,175,BLR,1.1146753170196395,14122
mdgnc,B,175,ESP,0.6660512496270823,14122
mdgnc,B,175,Hierarchical,0.6598108186328973,14122
mdgnc,B,175,KPLS,0.7626017596280057,14122
mdgnc,B,175,MG LD-WLOA,0.43710824917718194,14122
mdgnc,B,200,BLR,1.069928774332055,11668
mdgnc,B,200,ESP,0.5782431033366168,11668
mdgnc,B,200,Hierarchical,0.8252051944783114,11668
mdgnc,B,200,KPLS,0.7495120856641785,11668
mdgnc,B,200,MG LD-WLOA,0.45719882377675103,11668
mdgnc,B,225,BLR,0.8799319675703371,8648
mdgnc,B,225,ESP,0.6840826474662927,8648
mdgnc,B,225,Hierarchical,0.7025572416497452,8648
mdgnc,B,225,KPLS,0.7391030150617186,8648
mdgnc,B,225,MG LD-WLOA,0.4936477935630845,8648
mdgnc,B,250,BLR,0.9098205407532317,8573
mdgnc,B,250,ESP,0.6126491884574223,8573
mdgnc,B,250,Hierarchical,0.7022758156484087,8573
mdgnc,B,250,KPLS,0.7675989328865437,8573
mdgnc,B,250,MG LD-WLOA,0.4868748995735716,8573
mdgnc,B,275,BLR,0.948890853455953,8573
mdgnc,B,275,ESP,0.6864554328973245,8573
mdgnc,B,275,Hierarchical,0.854946992674896,8573
mdgnc,B,275,KPLS,0.8031544360810788,8573
mdgnc,B,275,MG LD-WLOA,0.4805408751292781,8573
mdgnc,B,300,BLR,0.9893076455468667,8573
mdgnc,B,300,ESP,0.6617051612721897,8573
mdgnc,B,300,Hierarchical,0.7804477425743863,8573
mdgnc,B,300,KPLS,0.8147930448140107,8573
mdgnc,B,300,MG LD-WLOA,0.48794252202681737,8573
mdgnc,T,25,BLR,0.4502187402235728,2719
mdgnc,T,25,ESP,0.29624886873303574,2719
mdgnc,T,25,Hierarchical,0.19571700953862534,2719
mdgnc,T,25,KPLS,0.7975920643104047,2719
mdgnc,T,25,MG LD-WLOA,0.14809655999238727,2719
mdgnc,T,50,BLR,1.0270568316451656,5314
mdgnc,T,50,ESP,0.1649517924061215,5314
mdgnc,T,50,Hierarchical,0.161737584009622,5314
mdgnc,T,50,KPLS,0.6232334180980202,5314
mdgnc,T,50,MG LD-WLOA,0.17487911895375421,5314
mdgnc,T,75,BLR,0.34744753570022857,8076
mdgnc,T,75,ESP,0.2218848876111044,8076
mdgnc,T,75,Hierarchical,0.22754234904937745,8076
mdgnc,T,75,KPLS,0.5376605429824269,8076
mdgnc,T,75,MG LD-WLOA,0.22391680000581016,8076
mdgnc,T,100,BLR,1.1575952461372738,10681
mdgnc,T,100,ESP,0.2811022867455593,10681
mdgnc,T,100,Hierarchical,0.20915208769129034,10681
mdgnc,T,100,KPLS,0.46515937928222806,10681
mdgnc,T,100,MG LD-WLOA,0.19538622056457813,10681
mdgnc,T,125,BLR,1.1422522099743295,12623
mdgnc,T,125,ESP,0.16955608771574354,12623
mdgnc,T,125,Hierarchical,0.15686907326348137,12623
mdgnc,T,125,KPLS,0.4406356062855556,12623
mdgnc,T,125,MG LD-WLOA,0.15228216841554718,12623
mdgnc,T,150,BLR,1.0391869381506564,15762
mdgnc,T,150,ESP,0.24334884595866144,15762
mdgnc,T,150,Hierarchical,0.26243978701970716,15762
mdgnc,T,150,KPLS,0.3930833128700781,15762
mdgnc,T,150,MG LD-WLOA,0.1641441352650002,15762
mdgnc,T,175,BLR,1.267569968545167,18553
mdgnc,T,175,ESP,0.3440943767346309,18553
mdgnc,T,175,Hierarchical,0.20983934990325276,18553
mdgnc,T,175,KPLS,0.4885045287235998,18553
mdgnc,T,175,MG LD-WLOA,0.16962589309708148,18553
mdgnc,T,200,BLR,1.2863345378643947,20640
mdgnc,T,200,ESP,0.2247368894317465,20640
mdgnc,T,200,Hierarchical,0.2813034633813771,20640
mdgnc,T,200,KPLS,0.4504915149447728,20640
mdgnc,T,200,MG LD-WLOA,0.15479477925246468,20640
mdgnc,T,225,BLR,1.325466891544053,23068
mdgnc,T,225,ESP,0.3734831448430612,23068
mdgnc,T,225,Hierarchical,0.2601912449774931,23068
mdgnc,T,225,KPLS,0.4369878347880183,23068
mdgnc,T,225,MG LD-WLOA,0.15735739567285986,23068
mdgnc,T,250,BLR,1.1637967786013717,23134
mdgnc,T,250,ESP,0.18147109218599436,23134
mdgnc,T,250,Hierarchical,0.1761653962146436,23134
mdgnc,T,250,KPLS,0.3071936804501179,23134
mdgnc,T,250,MG LD-WLOA,0.1407605655471173,23134
mdgnc,T,275,BLR,1.035547076357974,23134
mdgnc,T,275,ESP,0.2038689554568642,23134
mdgnc,T,275,Hierarchical,0.25551234845063897,23134
mdgnc,T,275,KPLS,0.27390058207829726,23134
mdgnc,T,275,MG LD-WLOA,0.0973949161549464,23134
mdgnc,T,300,BLR,0.9405097087812255,23134
mdgnc,T,300,ESP,0.12810173491035642,23134
mdgnc,T,300,Hierarchical,0.13094520748886943,23134
mdgnc,T,300,KPLS,0.24371705885821884,23134
mdgnc,T,300,MG LD-WLOA,0.08402992489461308,23134
mdgnc_edge_failures,A,25,BLR,0.8874580189670852,985
mdgnc_edge_failures,A,25,ESP,0.1648445703932964,985
mdgnc_edge_failures,A,25,Hierarchical,0.6604629254110814,985
mdgnc_edge_failures,A,25,KPLS,0.7664176941495462,985
mdgnc_edge_failures,A,25,MG LD-WLOA,0.2000111387208363,985
mdgnc_edge_failures,A,50,BLR,0.8011364815919813,1906
mdgnc_edge_failures,A,50,ESP,0.19531157272229002,1906
mdgnc_edge_failures,A,50,Hierarchical,0.39794368349773684,1906
mdgnc_edge_failures,A,50,KPLS,0.9108453362320734,1906
mdgnc_edge_failures,A,50,MG LD-WLOA,0.16277416389638102,1906
mdgnc_edge_failures,A,75,BLR,0.8254353035769687,2862
mdgnc_edge_failures,A,75,ESP,0.188613244005349,2862
mdgnc_edge_failures,A,75,Hierarchical,0.2231352661586721,2862
mdgnc_edge_failures,A,75,KPLS,1.113885410672319,2862
mdgnc_edge_failures,A,75,MG LD-WLOA,0.15376320014468997,2862
mdgnc_edge_failures,A,100,BLR,0.8217168126200929,3527
mdgnc_edge_failures,A,100,ESP,0.17758805131810537,3527
mdgnc_edge_failures,A,100,Hierarchical,0.17807553877846904,3527
mdgnc_edge_failures,A,100,KPLS,0.9369280860588897,3527
mdgnc_edge_failures,A,100,MG LD-WLOA,0.14011298172372205,3527
mdgnc_edge_failures,A,125,BLR,0.9061564266020945,4068
mdgnc_edge_failures,A,125,ESP,0.21828972493639726,4068
mdgnc_edge_failures,A,125,Hierarchical,0.2646877002610148,4068
mdgnc_edge_failures,A,125,KPLS,0.8929989475214818,4068
mdgnc_edge_failures,A,125,MG LD-WLOA,0.1093004254011414,4068
mdgnc_edge_failures,A,150,BLR,0.9382775855706162,4804
mdgnc_edge_failures,A,150,ESP,0.13951791201001845,4804
mdgnc_edge_failures,A,150,Hierarchical,0.17219575773683968,4804
mdgnc_edge_failures,A,150,KPLS,0.8395695759388339,4804
mdgnc_edge_failures,A,150,MG LD-WLOA,0.0963383119612602,4804
mdgnc_edge_failures,A,175,BLR,0.9098957756897438,5046
mdgnc_edge_failures,A,175,ESP,0.13625159417835175,5046
mdgnc_edge_failures,A,175,Hierarchical,0.19065407710495702,5046
mdgnc_edge_failures,A,175,KPLS,0.8521197787526614,5046
mdgnc_edge_failures,A,175,MG LD-WLOA,0.09486271789529037,5046
mdgnc_edge_failures,A,200,BLR,0.9374011191235931,5386
mdgnc_edge_failures,A,200,ESP,0.11867224385839442,5386
mdgnc_edge_failures,A,200,Hierarchical,0.1715038568737387,5386
mdgnc_edge_failures,A,200,KPLS,0.7648351295380824,5386
mdgnc_edge_failures,A,200,MG LD-WLOA,0.10579571793989556,5386
mdgnc_edge_failures,A,225,BLR,0.9646069216790719,5803
mdgnc_edge_failures,A,225,ESP,0.12802976061373775,5803
mdgnc_edge_failures,A,225,Hierarchical,0.21219265684845542,5803
mdgnc_edge_failures,A,225,KPLS,0.6995876690876798,5803
mdgnc_edge_failures,A,225,MG LD-WLOA,0.0911367594548728,5803
mdgnc_edge_failures,A,250,BLR,0.9052658565343029,5877
mdgnc_edge_failures,A,250,ESP,0.10178654776564668,5877
mdgnc_edge_failures,A,250,Hierarchical,0.17997376145208654,5877
mdgnc_edge_failures,A,250,KPLS,0.7648481383193346,5877
mdgnc_edge_failures,A,250,MG LD-WLOA,0.08750435724240804,5877
mdgnc_edge_failures,A,275,BLR,0.9228505447185382,5996
mdgnc_edge_failures,A,275,ESP,0.1140290011523057,5996
mdgnc_edge_failures,A,275,Hierarchical,0.17691056892447882,5996
mdgnc_edge_failures,A,275,KPLS,0.6914641464362558,5996
mdgnc_edge_failures,A,275,MG LD-WLOA,0.10865144778723591,5996
mdgnc_edge_failures,A,300,BLR,0.8678010710571687,6027
mdgnc_edge_failures,A,300,ESP,0.09528865431396225,6027
mdgnc_edge_failures,A,300,Hierarchical,0.19406021875927512,6027
mdgnc_edge_failures,A,300,KPLS,0.642636998311042,6027
mdgnc_edge_failures,A,300,MG LD-WLOA,0.07298356330683993,6027
mdgnc_edge_failures,B,25,BLR,1.540957094714707,42757
mdgnc_edge_failures,B,25,ESP,0.7110572461265406,42757
mdgnc_edge_failures,B,25,Hierarchical,1.5713076671647288,42757
mdgnc_edge_failures,B,25,KPLS,1.506710191239049,42757
mdgnc_edge_failures,B,25,MG LD-WLOA,0.6166685806151627,42757
mdgnc_edge_failures,B,50,BLR,1.1871597641381761,41139
mdgnc_edge_failures,B,50,ESP,0.5323085354505969,41139
mdgnc_edge_failures,B,50,Hierarchical,0.8141859056575238,41139
mdgnc_edge_failures,B,50,KPLS,1.4489587581043268,41139
mdgnc_edge_failures,B,50,MG LD-WLOA,0.4520911823418892,41139
mdgnc_edge_failures,B,75,BLR,1.094400843967649,39343
mdgnc_edge_failures,B,75,ESP,0.48553944022290535,39343
mdgnc_edge_failures,B,75,Hierarchical,0.49690344365846073,39343
mdgnc_edge_failures,B,75,KPLS,1.464603223680587,39343
mdgnc_edge_failures,B,75,MG LD-WLOA,0.37092565357781265,39343
mdgnc_edge_failures,B,100,BLR,1.0537679518197778,38104
mdgnc_edge_failures,B,100,ESP,0.4681353046634535,38104
mdgnc_edge_failures,B,100,Hierarchical,0.5456723912822742,38104
mdgnc_edge_failures,B,100,KPLS,1.357157085446862,38104
mdgnc_edge_failures,B,100,MG LD-WLOA,0.29313078506549,38104
mdgnc_edge_failures,B,125,BLR,1.0266522964081828,35955
mdgnc_edge_failures,B,125,ESP,0.4538291690788959,35955
mdgnc_edge_failures,B,125,Hierarchical,0.5471222901459328,35955
mdgnc_edge_failures,B,125,KPLS,1.3819205409842248,35955
mdgnc_edge_failures,B,125,MG LD-WLOA,0.2675151034265025,35955
mdgnc_edge_failures,B,150,BLR,1.0238448027352567,34862
mdgnc_edge_failures,B,150,ESP,0.3830904851200219,34862
mdgnc_edge_failures,B,150,Hierarchical,0.4450241298117308,34862
mdgnc_edge_failures,B,150,KPLS,1.3182566113245073,34862
mdgnc_edge_failures,B,150,MG LD-WLOA,0.25137684086443435,34862
mdgnc_edge_failures,B,175,BLR,0.9796366565246778,33658
mdgnc_edge_failures,B,175,ESP,0.3974485004113653,33658
mdgnc_edge_failures,B,175,Hierarchical,0.41846783035104373,33658
mdgnc_edge_failures,B,175,KPLS,1.3545034437919048,33658
mdgnc_edge_failures,B,175,MG LD-WLOA,0.2877923516966272,33658
mdgnc_edge_failures,B,200,BLR,0.9951615879544417,33226
mdgnc_edge_failures,B,200,ESP,0.3359239637112054,33226
mdgnc_edge_failures,B,200,Hierarchical,0.39604074268380246,33226
mdgnc_edge_failures,B,200,KPLS,1.2990706919434114,33226
mdgnc_edge_failures,B,200,MG LD-WLOA,0.2313860461223585,33226
mdgnc_edge_failures,B,225,BLR,0.9950372332213361,31697
mdgnc_edge_failures,B,225,ESP,0.37550015906630335,31697
mdgnc_edge_failures,B,225,Hierarchical,0.5623825848873193,31697
mdgnc_edge_failures,B,225,KPLS,1.2960696827250273,31697
mdgnc_edge_failures,B,225,MG LD-WLOA,0.23456920162251824,31697
mdgnc_edge_failures,B,250,BLR,0.9673113698896244,30226
mdgnc_edge_failures,B,250,ESP,0.3453942674513897,30226
mdgnc_edge_failures,B,250,Hierarchical,0.3784610835377077,30226
mdgnc_edge_failures,B,250,KPLS,1.23928357301827,30226
mdgnc_edge_failures,B,250,MG LD-WLOA,0.22641325577873592,30226
mdgnc_edge_failures,B,275,BLR,0.9395950389622272,29381
mdgnc_edge_failures,B,275,ESP,0.3527413596277013,29381
mdgnc_edge_failures,B,275,Hierarchical,0.409484972598272,29381
mdgnc_edge_failures,B,275,KPLS,1.2485843352504233,29381
mdgnc_edge_failures,B,275,MG LD-WLOA,0.23537764827783242,29381
mdgnc_edge_failures,B,300,BLR,0.9087750189250979,28056
mdgnc_edge_failures,B,300,ESP,0.3257409075002515,28056
mdgnc_edge_failures,B,300,Hierarchical,0.39252555582697646,28056
mdgnc_edge_failures,B,300,KPLS,1.2402776677131082,28056
mdgnc_edge_failures,B,300,MG LD-WLOA,0.22748659821408923,28056
mdgnc_edge_failures,T,25,BLR,0.74673910771246,1258
mdgnc_edge_failures,T,25,ESP,0.1502011216509665,1258
mdgnc_edge_failures,T,25,Hierarchical,0.3214664878974655,1258
mdgnc_edge_failures,T,25,KPLS,0.5392218096332861,1258
mdgnc_edge_failures,T,25,MG LD-WLOA,0.21157357646491584,1258
mdgnc_edge_failures,T,50,BLR,0.6571398240146389,1955
mdgnc_edge_failures,T,50,ESP,0.176462609317103,1955
mdgnc_edge_failures,T,50,Hierarchical,0.19347387964497437,1955
mdgnc_edge_failures,T,50,KPLS,0.509330384438637,1955
mdgnc_edge_failures,T,50,MG LD-WLOA,0.1513685634476043,1955
mdgnc_edge_failures,T,75,BLR,0.9294913580436734,2795
mdgnc_edge_failures,T,75,ESP,0.14541617651987343,2795
mdgnc_edge_failures,T,75,Hierarchical,0.15633743401102473,2795
mdgnc_edge_failures,T,75,KPLS,0.6919710990779907,2795
mdgnc_edge_failures,T,75,MG LD-WLOA,0.1237395231767939,2795
mdgnc_edge_failures,T,100,BLR,1.0589884857966223,3369
mdgnc_edge_failures,T,100,ESP,0.146906743193971,3369
mdgnc_edge_failures,T,100,Hierarchical,0.13226391256850645,3369
mdgnc_edge_failures,T,100,KPLS,0.525273902104577,3369
mdgnc_edge_failures,T,100,MG LD-WLOA,0.13212565032284612,3369
mdgnc_edge_failures,T,125,BLR,1.0358918392964496,4977
mdgnc_edge_failures,T,125,ESP,0.14512700822617083,4977
mdgnc_edge_failures,T,125,Hierarchical,0.2495606794512604,4977
mdgnc_edge_failures,T,125,KPLS,0.5044536859674837,4977
mdgnc_edge_failures,T,125,MG LD-WLOA,0.11421437093616865,4977
mdgnc_edge_failures,T,150,BLR,1.128461798049302,5334
mdgnc_edge_failures,T,150,ESP,0.10375577449010381,5334
mdgnc_edge_failures,T,150,Hierarchical,0.13315007461580983,5334
mdgnc_edge_failures,T,150,KPLS,0.43881795043783606,5334
mdgnc_edge_failures,T,150,MG LD-WLOA,0.09063050315154102,5334
mdgnc_edge_failures,T,175,BLR,1.1900509924833549,6296
mdgnc_edge_failures,T,175,ESP,0.11156707331892712,6296
mdgnc_edge_failures,T,175,Hierarchical,0.1484304972759993,6296
mdgnc_edge_failures,T,175,KPLS,0.5025211602026673,6296
mdgnc_edge_failures,T,175,MG LD-WLOA,0.08692619834796797,6296
mdgnc_edge_failures,T,200,BLR,1.18854441970054,6388
mdgnc_edge_failures,T,200,ESP,0.09904019885989923,6388
mdgnc_edge_failures,T,200,Hierarchical,0.13188294168000317,6388
mdgnc_edge_failures,T,200,KPLS,0.45530081356599217,6388
mdgnc_edge_failures,T,200,MG LD-WLOA,0.09788999644602463,6388
mdgnc_edge_failures,T,225,BLR,1.1600880723389875,7500
mdgnc_edge_failures,T,225,ESP,0.1057401323827736,7500
mdgnc_edge_failures,T,225,Hierarchical,0.16361148229625624,7500
mdgnc_edge_failures,T,225,KPLS,0.44360619455718786,7500
mdgnc_edge_failures,T,225,MG LD-WLOA,0.08947662925864341,7500
mdgnc_edge_failures,T,250,BLR,1.175734023356039,8897
mdgnc_edge_failures,T,250,ESP,0.09063482487383194,8897
mdgnc_edge_failures,T,250,Hierarchical,0.13491458886672167,8897
mdgnc_edge_failures,T,250,KPLS,0.3665535103400812,8897
mdgnc_edge_failures,T,250,MG LD-WLOA,0.08462465110311716,8897
mdgnc_edge_failures,T,275,BLR,1.1867418936808805,9623
mdgnc_edge_failures,T,275,ESP,0.09999811655476842,9623
mdgnc_edge_failures,T,275,Hierarchical,0.14618257296716347,9623
mdgnc_edge_failures,T,275,KPLS,0.44119324464153337,9623
mdgnc_edge_failures,T,275,MG LD-WLOA,0.09603024842667328,9623
mdgnc_edge_failures,T,300,BLR,1.2558232079820089,10917
mdgnc_edge_failures,T,300,ESP,0.07844665554680343,10917
mdgnc_edge_failures,T,300,Hierarchical,0.15253201838632605,10917
mdgnc_edge_failures,T,300,KPLS,0.302539400307827,10917
mdgnc_edge_failures,T,300,MG LD-WLOA,0.07127670300387925,10917
