problem,model,cv_folds,fold,budget,split,target,rmse,nrmse,mae,r2,n_valid
mdgnc,ESP,10,0,25,train,f0,1.5906898599232494e-13,7.414524185979814e-14,1.247535408310796e-13,1.0,25
mdgnc,ESP,10,0,25,train,f1,3.8290364829700815e-12,4.3418970870392713e-13,3.120277369816904e-12,1.0,25
mdgnc,ESP,10,0,25,test,f0,0.741442855123698,0.3824862076223546,0.5564463510391701,0.8537043009786691,4500
mdgnc,ESP,10,0,25,test,f1,5.0073280766109365,0.4357231269114184,4.00586720995629,0.8101453566745359,4500
mdgnc,ESP,10,0,50,train,f0,9.79366035176536e-14,4.7968464466621167e-14,7.192468842731614e-14,1.0,50
mdgnc,ESP,10,0,50,train,f1,6.128943612660205e-12,6.487344484586908e-13,5.024389793106821e-12,1.0,50
mdgnc,ESP,10,0,50,test,f0,0.5019071017562098,0.2589175181915163,0.3267616357778257,0.9329617187735458,4500
mdgnc,ESP,10,0,50,test,f1,1.6271349161724509,0.141588548370344,1.1227462658220124,0.9799526829703789,4500
mdgnc,ESP,10,0,75,train,f0,2.598977912093356e-13,1.2105007272684128e-13,1.7807385196041045e-13,1.0,75
mdgnc,ESP,10,0,75,train,f1,5.872637487772008e-12,6.249614821936812e-13,4.685555647180687e-12,1.0,75
mdgnc,ESP,10,0,75,test,f0,0.5052469715024398,0.2606404481575419,0.3192820650871569,0.9320665567842356,4500
mdgnc,ESP,10,0,75,test,f1,1.5028818476240928,0.1307764076981329,0.998051258106846,0.9828975311895716,4500
mdgnc,ESP,10,0,100,train,f0,1.1919308601792632e-12,5.73751792452187e-13,6.70623556686678e-13,1.0,100
mdgnc,ESP,10,0,100,train,f1,9.10078360660237e-12,9.676766321526698e-13,7.026876858162723e-12,1.0,100
mdgnc,ESP,10,0,100,test,f0,0.578592726899227,0.298477133254782,0.3301861426089649,0.9109114009240072,4500
mdgnc,ESP,10,0,100,test,f1,1.457071038781631,0.1267900843396905,0.9592966339790644,0.983924274513134,4500
mdgnc,ESP,10,0,125,train,f0,3.653578429324858e-13,1.691995077568594e-13,2.7704061267286313e-13,1.0,125
mdgnc,ESP,10,0,125,train,f1,1.0811716942470484e-11,1.1303051407247706e-12,8.614250646132859e-12,1.0,125
mdgnc,ESP,10,0,125,test,f0,0.2903728384627533,0.1497938850076691,0.1641671262453508,0.9775617920143091,4500
mdgnc,ESP,10,0,125,test,f1,1.1471809827139636,0.0998243528831754,0.6942670895598326,0.9900350985714552,4500
mdgnc,ESP,10,0,150,train,f0,6.915916846613298e-13,3.250288035162396e-13,4.875240951681312e-13,1.0,150
mdgnc,ESP,10,0,150,train,f1,1.1814385316045888e-11,1.2927327763410466e-12,8.473553710549216e-12,1.0,150
mdgnc,ESP,10,0,150,test,f0,0.3786998676198568,0.1953589210443483,0.2538622214771486,0.961834891968388,4500
mdgnc,ESP,10,0,150,test,f1,1.4123120620194438,0.1228952883499347,0.9122241023533776,0.9848967481013864,4500
mdgnc,ESP,10,0,175,train,f0,1.867198177386866e-13,8.955131112102957e-14,1.281692212679835e-13,1.0,175
mdgnc,ESP,10,0,175,train,f1,4.540291027473504e-11,4.985535221201028e-12,3.5922218850308645e-11,1.0,175
mdgnc,ESP,10,0,175,test,f0,0.3111149060359706,0.1604940417486804,0.1829600224915552,0.9742416625631728,4500
mdgnc,ESP,10,0,175,test,f1,1.1337997243725992,0.0986599546976954,0.6003518064263201,0.9902662133390489,4500
mdgnc,ESP,10,0,200,train,f0,1.9255325856019909e-13,9.173999011957124e-14,1.299471641402761e-13,1.0,200
mdgnc,ESP,10,0,200,train,f1,3.5146999427463097e-11,3.733250054801534e-12,2.788732800240723e-11,1.0,200
mdgnc,ESP,10,0,200,test,f0,0.3136660749877996,0.1618101066762009,0.1855193178895412,0.9738174893774364,4500
mdgnc,ESP,10,0,200,test,f1,1.0758841476599543,0.0936203096422846,0.5582882268330032,0.9912352376224828,4500
mdgnc,ESP,10,0,225,train,f0,1.9922620915160402e-13,9.487383755921135e-14,1.3799134674425457e-13,1.0,225
mdgnc,ESP,10,0,225,train,f1,5.646519543081779e-11,6.051082177364691e-12,4.5567137223972365e-11,1.0,225
mdgnc,ESP,10,0,225,test,f0,0.2960178861887832,0.1527059811748324,0.1690814521472458,0.9766808833134316,4500
mdgnc,ESP,10,0,225,test,f1,1.062830612017128,0.092484428932948,0.5411589797821396,0.9914466304049464,4500
mdgnc,ESP,10,0,250,train,f0,2.6187239807183654e-13,1.2225875553487246e-13,1.910276381522636e-13,1.0,250
mdgnc,ESP,10,0,250,train,f1,2.4772857901108726e-11,2.460778449118227e-12,1.9939207618335782e-11,1.0,250
mdgnc,ESP,10,0,250,test,f0,0.2841409991649584,0.1465790821903598,0.1591269272535664,0.9785145726642316,4500
mdgnc,ESP,10,0,250,test,f1,1.0290215945963916,0.0895424665604053,0.5247604008008803,0.9919821466822788,4500
mdgnc,ESP,10,0,275,train,f0,2.5861118251602024e-13,1.203628143191876e-13,1.7589808397712082e-13,1.0,275
mdgnc,ESP,10,0,275,train,f1,4.8768451112981066e-11,4.688454616765772e-12,3.779408462957111e-11,1.0,275
mdgnc,ESP,10,0,275,test,f0,0.2851469713007472,0.1470980304336838,0.148775552520748,0.9783621694425312,4500
mdgnc,ESP,10,0,275,test,f1,1.053236055671554,0.0916495385426521,0.5319802786208869,0.9916003620849188,4500
mdgnc,ESP,10,0,300,train,f0,4.293109166300526e-13,1.9971149823560939e-13,3.113006149154293e-13,1.0,300
mdgnc,ESP,10,0,300,train,f1,3.981504498934786e-11,3.736549462269686e-12,3.1008475787075436e-11,1.0,300
mdgnc,ESP,10,0,300,test,f0,0.2814273076680046,0.1451791771779179,0.143390187129369,0.9789230065139428,4500
mdgnc,ESP,10,0,300,test,f1,1.0371498624950457,0.0902497647943114,0.5226752580460885,0.9918549799545716,4500
mdgnc,ESP,10,1,25,train,f0,1.9790658135015293e-13,8.961672438372619e-14,1.3601564319287717e-13,1.0,25
mdgnc,ESP,10,1,25,train,f1,3.5673856487766505e-12,3.121536224745307e-13,3.061870756937424e-12,1.0,25
mdgnc,ESP,10,1,25,test,f0,0.5832829511792014,0.3008071334615256,0.4224315269093142,0.90951506845866,4500
mdgnc,ESP,10,1,25,test,f1,3.070664672034179,0.2693366860234118,2.4465519419613564,0.927457749561926,4500
mdgnc,ESP,10,1,50,train,f0,1.9253964887137358e-13,9.051816211206524e-14,1.450928266422125e-13,1.0,50
mdgnc,ESP,10,1,50,train,f1,2.047258832920904e-12,1.9349127944296122e-13,1.582094455443439e-12,1.0,50
mdgnc,ESP,10,1,50,test,f0,0.514430133082317,0.2652987771816101,0.298272322515293,0.9296165588259424,4500
mdgnc,ESP,10,1,50,test,f1,1.5050394530341256,0.132011268539513,1.0971176966812826,0.9825730249785886,4500
mdgnc,ESP,10,1,75,train,f0,4.4169437267388593e-13,2.0027653568855425e-13,3.102880915169711e-13,1.0,75
mdgnc,ESP,10,1,75,train,f1,7.37340698275811e-12,7.557503942456563e-13,6.071587677070056e-12,1.0,75
mdgnc,ESP,10,1,75,test,f0,0.4916924549267442,0.253572640194885,0.307460309737532,0.9357009161445954,4500
mdgnc,ESP,10,1,75,test,f1,0.720034112555659,0.0631562291596882,0.4855512246756462,0.996011290718329,4500
mdgnc,ESP,10,1,100,train,f0,1.5977394785916556e-13,7.578111050652786e-14,1.197664190044634e-13,1.0,100
mdgnc,ESP,10,1,100,train,f1,1.6010052281152292e-11,1.647649940371827e-12,1.3277734467465052e-11,1.0,100
mdgnc,ESP,10,1,100,test,f0,0.4090548887307028,0.2109552975254073,0.2540555810331016,0.9554978624459668,4500
mdgnc,ESP,10,1,100,test,f1,0.7042707533548456,0.0617735803258996,0.4415076486935081,0.9961840247737196,4500
mdgnc,ESP,10,1,125,train,f0,9.657506667455681e-14,4.4678421130257046e-14,7.109690614015564e-14,1.0,125
mdgnc,ESP,10,1,125,train,f1,2.5618982169388813e-11,2.4568424019772905e-12,2.040761160060356e-11,1.0,125
mdgnc,ESP,10,1,125,test,f0,0.3797870605855134,0.1958614713314472,0.2213001800989335,0.9616382840478808,4500
mdgnc,ESP,10,1,125,test,f1,0.7279969623128786,0.0638546732406862,0.4569161156198783,0.9959225807053252,4500
mdgnc,ESP,10,1,150,train,f0,2.0270414566700372e-13,9.646037592068489e-14,1.326849741190017e-13,1.0,150
mdgnc,ESP,10,1,150,train,f1,1.7535760175122385e-11,1.7688550606692796e-12,1.422338395210924e-11,1.0,150
mdgnc,ESP,10,1,150,test,f0,0.4065822783183422,0.2096801379329562,0.2553480174966092,0.9560342397564164,4500
mdgnc,ESP,10,1,150,test,f1,0.7430012195567902,0.0651707390941552,0.4263422045437857,0.9957527747659216,4500
mdgnc,ESP,10,1,175,train,f0,1.0498957048723464e-12,4.923732845337853e-13,6.392956005843838e-13,1.0,175
mdgnc,ESP,10,1,175,train,f1,2.1342780415069903e-11,2.155633216920872e-12,1.614840324951469e-11,1.0,175
mdgnc,ESP,10,1,175,test,f0,0.5209700371870397,0.2686714967217198,0.2498651804716863,0.927815626849311,4500
mdgnc,ESP,10,1,175,test,f1,0.7435270898021376,0.0652168646611864,0.4955425281634335,0.9957467605637644,4500
mdgnc,ESP,10,1,200,train,f0,2.885400087829735e-13,1.3543903583851724e-13,1.723332587744153e-13,1.0,200
mdgnc,ESP,10,1,200,train,f1,3.5086760232833166e-11,3.6795352989418e-12,2.547595912005818e-11,1.0,200
mdgnc,ESP,10,1,200,test,f0,0.2934317036035021,0.1513268122259646,0.1535275126865058,0.9771001959015276,4500
mdgnc,ESP,10,1,200,test,f1,0.6480434755286111,0.056841726707444,0.3268593468225526,0.9967690181049162,4500
mdgnc,ESP,10,1,225,train,f0,2.398577106486033e-13,1.1311073335635468e-13,1.6862560730462266e-13,1.0,225
mdgnc,ESP,10,1,225,train,f1,3.810140590049066e-11,3.9190540926484e-12,2.8697400011878928e-11,1.0,225
mdgnc,ESP,10,1,225,test,f0,0.2887082103245965,0.1488908410214576,0.143105570854907,0.977831517459923,4500
mdgnc,ESP,10,1,225,test,f1,0.6515926916182375,0.05715303849224,0.3247818064136858,0.9967335301911046,4500
mdgnc,ESP,10,1,250,train,f0,2.277774415932498e-13,1.0637530441457245e-13,1.5548096143902513e-13,1.0,250
mdgnc,ESP,10,1,250,train,f1,2.226177459842664e-11,2.1528856560039637e-12,1.63608007142102e-11,1.0,250
mdgnc,ESP,10,1,250,test,f0,0.2894236270557944,0.1492597913837252,0.1392614878084222,0.9777215146760868,4500
mdgnc,ESP,10,1,250,test,f1,0.558094857972643,0.0489520789756183,0.2813020299982339,0.9976036939639648,4500
mdgnc,ESP,10,1,275,train,f0,2.4760559024912045e-13,1.1538847094685234e-13,1.6127059283958673e-13,1.0,275
mdgnc,ESP,10,1,275,train,f1,5.97834715470397e-11,5.327833308333674e-12,4.759055049031634e-11,1.0,275
mdgnc,ESP,10,1,275,test,f0,0.2893873987477815,0.1492411079412184,0.1355197352632291,0.9777270917004776,4500
mdgnc,ESP,10,1,275,test,f1,0.6657096195273821,0.0583912741792913,0.3272896410276839,0.9965904590997188,4500
mdgnc,ESP,10,1,300,train,f0,2.2735696076817714e-13,1.0638293550229301e-13,1.5036268526576652e-13,1.0,300
mdgnc,ESP,10,1,300,train,f1,7.816666177187128e-11,6.9232858912321696e-12,5.87832656625172e-11,1.0,300
mdgnc,ESP,10,1,300,test,f0,0.2909672092221327,0.1500558381836185,0.1304630040984372,0.9774832454270116,4500
mdgnc,ESP,10,1,300,test,f1,0.661577684439272,0.0580288504624879,0.3235126946614308,0.9966326525140022,4500
mdgnc,ESP,10,2,25,train,f0,3.8485667702738493e-13,1.781421431140097e-13,2.97895041967422e-13,1.0,25
mdgnc,ESP,10,2,25,train,f1,2.7380439565589305e-12,2.5762719011024014e-13,2.260662768094335e-12,1.0,25
mdgnc,ESP,10,2,25,test,f0,1.1207501502136346,0.5768261515243505,0.8171746167442001,0.667271590917607,4500
mdgnc,ESP,10,2,25,test,f1,3.2844463486229203,0.2850668071970997,2.46057137922504,0.9187369154344516,4500
mdgnc,ESP,10,2,50,train,f0,1.5903583610945329e-12,7.68630482248423e-13,8.686829033877074e-13,1.0,50
mdgnc,ESP,10,2,50,train,f1,4.44034221806632e-12,4.677702795400676e-13,3.472564458206762e-12,1.0,50
mdgnc,ESP,10,2,50,test,f0,0.6667489304803023,0.3431614258794597,0.3942928961923751,0.8822402357883761,4500
mdgnc,ESP,10,2,50,test,f1,1.8699785111455072,0.1623009625116687,1.4478072699131384,0.973658397567786,4500
mdgnc,ESP,10,2,75,train,f0,9.613962354209364e-13,4.448135274914788e-13,6.572046610623755e-13,1.0,75
mdgnc,ESP,10,2,75,train,f1,6.613680167868423e-12,7.004651575995014e-13,4.973183346616376e-12,1.0,75
mdgnc,ESP,10,2,75,test,f0,0.445707664161357,0.2293962098279409,0.2861935100568674,0.9473773789165753,4500
mdgnc,ESP,10,2,75,test,f1,1.4419342732444325,0.1251497378345674,1.0268488723776767,0.984337543119939,4500
mdgnc,ESP,10,2,100,train,f0,7.252127005139793e-13,3.452227020660633e-13,3.9243719385240186e-13,1.0,100
mdgnc,ESP,10,2,100,train,f1,8.896537831352822e-12,9.259133973264038e-13,7.024993919912958e-12,1.0,100
mdgnc,ESP,10,2,100,test,f0,0.7204052254805634,0.3707771742638397,0.4427110107308927,0.8625242870449222,4500
mdgnc,ESP,10,2,100,test,f1,1.4268154199069167,0.1238375278631018,0.9841743288046328,0.9846642666927556,4500
mdgnc,ESP,10,2,125,train,f0,2.706757854736079e-13,1.347233617132701e-13,1.9900880943168885e-13,1.0,125
mdgnc,ESP,10,2,125,train,f1,4.543872273579988e-12,4.729302570291348e-13,3.283275873400271e-12,1.0,125
mdgnc,ESP,10,2,125,test,f0,0.5782521867181085,0.2976140430688909,0.3423907057875706,0.9114258813681884,4500
mdgnc,ESP,10,2,125,test,f1,1.140700734335236,0.0990047885667763,0.7452665760021876,0.990198051840848,4500
mdgnc,ESP,10,2,150,train,f0,7.374597433130435e-13,3.436360546150972e-13,4.0611958240788236e-13,1.0,150
mdgnc,ESP,10,2,150,train,f1,1.1635079677071484e-11,1.2002545583803528e-12,9.315238950572772e-12,1.0,150
mdgnc,ESP,10,2,150,test,f0,0.5259791201231485,0.2707102127846842,0.3105757251631378,0.926715980694071,4500
mdgnc,ESP,10,2,150,test,f1,1.2193674834884571,0.1058325082593468,0.7659893692873933,0.9887994801955352,4500
mdgnc,ESP,10,2,175,train,f0,5.651432014940776e-13,2.776705077064502e-13,3.8379458341556267e-13,1.0,175
mdgnc,ESP,10,2,175,train,f1,1.6976680794976625e-11,1.8514684302217067e-12,1.304436685651516e-11,1.0,175
mdgnc,ESP,10,2,175,test,f0,0.5535136424838338,0.2848816430221441,0.3255911375182719,0.9188424494690036,4500
mdgnc,ESP,10,2,175,test,f1,0.983626263000864,0.0853718308982074,0.5359271367315163,0.9927116504890878,4500
mdgnc,ESP,10,2,200,train,f0,8.188888479471098e-13,3.970352926049716e-13,4.5012882310402353e-13,1.0,200
mdgnc,ESP,10,2,200,train,f1,1.6804602403755103e-11,1.8052320305335888e-12,1.3120597941451706e-11,1.0,200
mdgnc,ESP,10,2,200,test,f0,0.4935125918251068,0.2540003844898176,0.285236156151352,0.9354838046790248,4500
mdgnc,ESP,10,2,200,test,f1,1.1092627591542372,0.0962761937723001,0.6654351171887388,0.9907308945127186,4500
mdgnc,ESP,10,2,225,train,f0,9.883849845031333e-13,4.81247892951364e-13,5.5137129430073e-13,1.0,225
mdgnc,ESP,10,2,225,train,f1,1.86122030755665e-11,2.001990604302811e-12,1.3786281745827484e-11,1.0,225
mdgnc,ESP,10,2,225,test,f0,0.4894235870157513,0.2518958610977881,0.2630507602588459,0.9365484751618038,4500
mdgnc,ESP,10,2,225,test,f1,1.0836149707406053,0.094050146402762,0.6403774937251342,0.991154569961619,4500
mdgnc,ESP,10,2,250,train,f0,9.235133876376825e-13,4.392730388010402e-13,5.121876256453106e-13,1.0,250
mdgnc,ESP,10,2,250,train,f1,4.603846384036367e-11,4.683974120687992e-12,3.609076770771935e-11,1.0,250
mdgnc,ESP,10,2,250,test,f0,0.484702151933562,0.2494658393595691,0.2639757695295989,0.9377667949926256,4500
mdgnc,ESP,10,2,250,test,f1,1.0487180156819484,0.0910213365201945,0.5472537344181975,0.9917151162980776,4500
mdgnc,ESP,10,2,275,train,f0,1.6759714402043184e-12,7.938810086772016e-13,1.0190797700653838e-12,1.0,275
mdgnc,ESP,10,2,275,train,f1,4.6364359892415945e-11,4.562993009521712e-12,3.634780072884909e-11,1.0,275
mdgnc,ESP,10,2,275,test,f0,0.4246280208926214,0.2185469679162685,0.1901770969356545,0.9522372228146054,4500
mdgnc,ESP,10,2,275,test,f1,1.023066587690431,0.0887949732609334,0.5225820708781271,0.99211545272359,4500
mdgnc,ESP,10,2,300,train,f0,6.391030925105609e-13,3.035286847866884e-13,3.847884973614176e-13,1.0,300
mdgnc,ESP,10,2,300,train,f1,4.109886385301864e-11,3.994008968637705e-12,3.1302308893070103e-11,1.0,300
mdgnc,ESP,10,2,300,test,f0,0.4028820357937024,0.2073547741045396,0.1781109343038419,0.9570039976560554,4500
mdgnc,ESP,10,2,300,test,f1,1.0083912441649543,0.0875212568170395,0.5121147160264234,0.9923400296051658,4500
mdgnc,ESP,10,3,25,train,f0,1.4434137852288577e-12,7.179052922180445e-13,8.753886504564434e-13,1.0,25
mdgnc,ESP,10,3,25,train,f1,5.9401099455937945e-12,5.868216005156536e-13,4.451266022442724e-12,1.0,25
mdgnc,ESP,10,3,25,test,f0,1.3948623455962283,0.7198610556220622,0.9606995936547872,0.4818000605986904,4500
mdgnc,ESP,10,3,25,test,f1,4.605583452084519,0.4032496735198573,3.75783962446248,0.8373897008061285,4500
mdgnc,ESP,10,3,50,train,f0,6.776864957938186e-13,3.219504428045612e-13,3.984190755090822e-13,1.0,50
mdgnc,ESP,10,3,50,train,f1,4.019740527039572e-12,3.8124826280625254e-13,3.00317992696364e-12,1.0,50
mdgnc,ESP,10,3,50,test,f0,0.750812167340226,0.387479410467846,0.5670552195912433,0.8498597064634905,4500
mdgnc,ESP,10,3,50,test,f1,0.7463531016941688,0.0653482121689678,0.567013830228079,0.9957296111663196,4500
mdgnc,ESP,10,3,75,train,f0,1.8291211009714398e-13,8.708176772783919e-14,1.1523226817189428e-13,1.0,75
mdgnc,ESP,10,3,75,train,f1,7.900707675047757e-12,8.02887930187592e-13,6.256991961587725e-12,1.0,75
mdgnc,ESP,10,3,75,test,f0,0.3879919507258308,0.2002350239822223,0.2315404817771095,0.9599059351708388,4500
mdgnc,ESP,10,3,75,test,f1,0.769279768214939,0.0673555953562629,0.5394404848501936,0.9954632237742034,4500
mdgnc,ESP,10,3,100,train,f0,3.2818125603863545e-13,1.5952753752485722e-13,2.241629104560161e-13,1.0,100
mdgnc,ESP,10,3,100,train,f1,5.870942898829781e-12,6.644991332781553e-13,4.8892090376284616e-12,1.0,100
mdgnc,ESP,10,3,100,test,f0,0.4662354768536068,0.2406149707861183,0.3063374539565635,0.9421044358335956,4500
mdgnc,ESP,10,3,100,test,f1,0.759754595529636,0.066521602700277,0.5454524264314948,0.9955748763741864,4500
mdgnc,ESP,10,3,125,train,f0,2.480952104095604e-13,1.156874774997831e-13,1.7392309814567854e-13,1.0,125
mdgnc,ESP,10,3,125,train,f1,1.8731263054943477e-11,1.9491049478374044e-12,1.4515109114654478e-11,1.0,125
mdgnc,ESP,10,3,125,test,f0,0.3327160023703002,0.1717081928871336,0.2035164348507192,0.9705162964954348,4500
mdgnc,ESP,10,3,125,test,f1,0.6946413593496538,0.0608205028277918,0.42979020129891,0.9963008664357744,4500
mdgnc,ESP,10,3,150,train,f0,1.6188897193661912e-13,7.705293348281562e-14,1.0349054946345861e-13,1.0,150
mdgnc,ESP,10,3,150,train,f1,2.6726631542382723e-11,2.881042047271321e-12,2.100771704742025e-11,1.0,150
mdgnc,ESP,10,3,150,test,f0,0.3055362911626114,0.1576812778562411,0.1821507252678527,0.9751366146136228,4500
mdgnc,ESP,10,3,150,test,f1,0.581063107526172,0.0508759662792149,0.3048886403978616,0.997411636055156,4500
mdgnc,ESP,10,3,175,train,f0,1.8728283383923585e-13,9.035457458638994e-14,1.2185046622497405e-13,1.0,175
mdgnc,ESP,10,3,175,train,f1,2.163481777412384e-11,2.353942555449795e-12,1.6557066828681853e-11,1.0,175
mdgnc,ESP,10,3,175,test,f0,0.3016535484592948,0.1556774706203926,0.1679033867113602,0.9757645251412368,4500
mdgnc,ESP,10,3,175,test,f1,0.6527675439222446,0.0571541698700227,0.3538889189823576,0.9967334008664686,4500
mdgnc,ESP,10,3,200,train,f0,2.277257403916991e-13,1.088988953438276e-13,1.442024277764631e-13,1.0,200
mdgnc,ESP,10,3,200,train,f1,4.4084112087560176e-11,4.631504431255884e-12,3.405025594815925e-11,1.0,200
mdgnc,ESP,10,3,200,test,f0,0.2794016877378448,0.1441937224218196,0.1525812068674317,0.9792081704141392,4500
mdgnc,ESP,10,3,200,test,f1,0.6693910767715068,0.0586096714940737,0.3428401036917424,0.9965649064073568,4500
mdgnc,ESP,10,3,225,train,f0,2.504676826643932e-13,1.197471562884206e-13,1.7397244139121745e-13,1.0,225
mdgnc,ESP,10,3,225,train,f1,1.5328738145077655e-11,1.6304786292667654e-12,1.1931244140820732e-11,1.0,225
mdgnc,ESP,10,3,225,test,f0,0.2825215984783141,0.1458038470668582,0.1574702177164828,0.9787412381805042,4500
mdgnc,ESP,10,3,225,test,f1,0.5534402183213848,0.0484573973466589,0.2920182462550737,0.997651880642388,4500
mdgnc,ESP,10,3,250,train,f0,2.568734633474113e-13,1.1976675034082481e-13,1.6412649017638613e-13,1.0,250
mdgnc,ESP,10,3,250,train,f1,2.6984905313934053e-11,2.6089450420823585e-12,2.1439319652927223e-11,1.0,250
mdgnc,ESP,10,3,250,test,f0,0.277277672309806,0.1430975597839702,0.1402991883601048,0.979523088383873,4500
mdgnc,ESP,10,3,250,test,f1,0.613218453403692,0.0536913821460492,0.3071063345420219,0.9971172354832468,4500
mdgnc,ESP,10,3,275,train,f0,2.215035440548823e-13,1.0271605074580815e-13,1.398138170894857e-13,1.0,275
mdgnc,ESP,10,3,275,train,f1,5.4940655208303824e-11,4.995770869435937e-12,4.371921652984218e-11,1.0,275
mdgnc,ESP,10,3,275,test,f0,0.2698977718990486,0.1392889381541399,0.1338886074763363,0.9805985917078922,4500
mdgnc,ESP,10,3,275,test,f1,0.6642183212228688,0.0581567621053095,0.3285685649631037,0.9966177910214264,4500
mdgnc,ESP,10,3,300,train,f0,2.3653947541134193e-13,1.1021254170847577e-13,1.5354828519775765e-13,1.0,300
mdgnc,ESP,10,3,300,train,f1,7.796523227759683e-11,6.93109197659042e-12,6.199256811593538e-11,1.0,300
mdgnc,ESP,10,3,300,test,f0,0.2664869839188945,0.1375286974797476,0.124003206524173,0.981085857369524,4500
mdgnc,ESP,10,3,300,test,f1,0.6594649100964717,0.0577405691289434,0.3220811536539526,0.9966660266766656,4500
mdgnc,ESP,10,4,25,train,f0,2.0906023940295013e-13,9.354145660296653e-14,1.5303314171433161e-13,1.0,25
mdgnc,ESP,10,4,25,train,f1,3.726306755560405e-12,4.144677481872748e-13,2.794564579744474e-12,1.0,25
mdgnc,ESP,10,4,25,test,f0,0.725686643540617,0.3736453549247441,0.5337268667437528,0.860389148743162,4500
mdgnc,ESP,10,4,25,test,f1,3.924457757173043,0.3416941198832582,3.099196957906549,0.8832451284372056,4500
mdgnc,ESP,10,4,50,train,f0,5.014079290651162e-13,2.336747550577668e-13,3.5705660650364734e-13,1.0,50
mdgnc,ESP,10,4,50,train,f1,5.494876505261656e-12,5.544582543906999e-13,4.658105012822489e-12,1.0,50
mdgnc,ESP,10,4,50,test,f0,0.5542983055808284,0.2854000262598754,0.3822177070762134,0.9185468250108624,4500
mdgnc,ESP,10,4,50,test,f1,1.3927276508334323,0.1212618094866204,0.979550435204242,0.9852955735600306,4500
mdgnc,ESP,10,4,75,train,f0,1.863360646419071e-13,8.936606485935762e-14,1.385439910942902e-13,1.0,75
mdgnc,ESP,10,4,75,train,f1,1.1932788694580335e-11,1.1627764591264576e-12,9.23122911444807e-12,1.0,75
mdgnc,ESP,10,4,75,test,f0,0.4532368001805479,0.2333649469448139,0.2951664116734233,0.9455408015374442,4500
mdgnc,ESP,10,4,75,test,f1,1.2351701011055396,0.1075436115554964,0.8014160973168954,0.9884343716136004,4500
mdgnc,ESP,10,4,100,train,f0,1.4444664938197846e-13,6.956039690818214e-14,1.0300205133262353e-13,1.0,100
mdgnc,ESP,10,4,100,train,f1,1.3125525313453084e-11,1.3432249116017725e-12,9.88816140079507e-12,1.0,100
mdgnc,ESP,10,4,100,test,f0,0.512926961783246,0.2640985312212719,0.3051979908291874,0.930251965806767,4500
mdgnc,ESP,10,4,100,test,f1,1.102387311666024,0.0959824988666795,0.6652933604808877,0.9907873599113078,4500
mdgnc,ESP,10,4,125,train,f0,1.349565642059855e-13,6.500545985846785e-14,8.362377457160619e-14,1.0,125
mdgnc,ESP,10,4,125,train,f1,2.4410705635254987e-11,2.7328407507826344e-12,1.90779871900304e-11,1.0,125
mdgnc,ESP,10,4,125,test,f0,0.3973028076912769,0.2045653587726473,0.2322881446808433,0.958153013990218,4500
mdgnc,ESP,10,4,125,test,f1,1.0693656431951248,0.0931073730165879,0.6292625777690468,0.99133101708995,4500
mdgnc,ESP,10,4,150,train,f0,1.0738854675165414e-12,5.271108738425068e-13,6.488113749962093e-13,1.0,150
mdgnc,ESP,10,4,150,train,f1,1.2330199188316946e-11,1.265700686095619e-12,9.622524999031155e-12,1.0,150
mdgnc,ESP,10,4,150,test,f0,0.577879146141065,0.2975414534433291,0.296864827567405,0.9114690834828312,4500
mdgnc,ESP,10,4,150,test,f1,1.115471093295145,0.0971216756715096,0.7162001821614303,0.990567380114758,4500
mdgnc,ESP,10,4,175,train,f0,4.918885018670979e-13,2.4414033905511985e-13,3.2867676834160065e-13,1.0,175
mdgnc,ESP,10,4,175,train,f1,2.203907858318773e-11,2.4814965730372494e-12,1.6466766997577256e-11,1.0,175
mdgnc,ESP,10,4,175,test,f0,0.6064410187201259,0.3122475405845364,0.3211910954520799,0.9025014733989084,4500
mdgnc,ESP,10,4,175,test,f1,1.0968425643411084,0.0954997296092708,0.6810543182018147,0.990879801644556,4500
mdgnc,ESP,10,4,200,train,f0,1.5635649891102019e-12,7.520643103075507e-13,8.86375417508134e-13,1.0,200
mdgnc,ESP,10,4,200,train,f1,6.394330596700473e-11,6.8174459117248856e-12,4.8077293257620114e-11,1.0,200
mdgnc,ESP,10,4,200,test,f0,0.4732734498317189,0.2436815224764889,0.2556904337971937,0.9406193156035404,4500
mdgnc,ESP,10,4,200,test,f1,1.064786617906478,0.0927086871056318,0.6336897945614132,0.99140509933515,4500
mdgnc,ESP,10,4,225,train,f0,1.7462438369565466e-12,8.440857872437535e-13,9.555477396992905e-13,1.0,225
mdgnc,ESP,10,4,225,train,f1,2.0091218283320637e-11,2.119066283529257e-12,1.5383344968237604e-11,1.0,225
mdgnc,ESP,10,4,225,test,f0,0.532462444401101,0.2741570632355324,0.2582424925561615,0.9248379046780684,4500
mdgnc,ESP,10,4,225,test,f1,1.061872735561359,0.0924549816194308,0.6454074165279029,0.9914520763737508,4500
mdgnc,ESP,10,4,250,train,f0,2.5704390618975553e-13,1.2242587003741484e-13,1.701199181525226e-13,1.0,250
mdgnc,ESP,10,4,250,train,f1,5.3760812096892745e-11,5.3760501264407495e-12,4.166700762198161e-11,1.0,250
mdgnc,ESP,10,4,250,test,f0,0.3181125971445068,0.163791486758208,0.1615485272696478,0.9731723488655356,4500
mdgnc,ESP,10,4,250,test,f1,0.9800324139175844,0.0853293203420429,0.4900937037643973,0.992718907089965,4500
mdgnc,ESP,10,4,275,train,f0,1.6135707983585946e-12,7.632168139845718e-13,8.963286678532643e-13,1.0,275
mdgnc,ESP,10,4,275,train,f1,7.135312787802139e-11,6.781386303487729e-12,5.617696853154154e-11,1.0,275
mdgnc,ESP,10,4,275,test,f0,0.4304360483776597,0.2216251759627063,0.2015481325312361,0.9508822813794996,4500
mdgnc,ESP,10,4,275,test,f1,1.0221762384312163,0.0889986927539078,0.5271629005440228,0.9920792326880956,4500
mdgnc,ESP,10,4,300,train,f0,1.7621948437068337e-12,8.353824150909412e-13,1.0183187626466862e-12,1.0,300
mdgnc,ESP,10,4,300,train,f1,8.010752842518931e-11,7.531761081256762e-12,6.135206120916337e-11,1.0,300
mdgnc,ESP,10,4,300,test,f0,0.4448403615017644,0.2290417444466514,0.170192778324742,0.9475398793008348,4500
mdgnc,ESP,10,4,300,test,f1,1.0165468784088143,0.0885085564504033,0.5153725336442593,0.9921662354350658,4500
mdgnc,ESP,10,5,25,train,f0,5.502138139200867e-13,2.800486173364202e-13,3.126920944396261e-13,1.0,25
mdgnc,ESP,10,5,25,train,f1,2.2835698317727816e-12,1.844911507778624e-13,1.9610979506978765e-12,1.0,25
mdgnc,ESP,10,5,25,test,f0,1.0184971063140296,0.5257874113463079,0.7111152096945825,0.7235475980697484,4500
mdgnc,ESP,10,5,25,test,f1,5.2948977958023375,0.4648856969532501,4.24175735875744,0.7838812887682909,4500
mdgnc,ESP,10,5,50,train,f0,2.4180323489582297e-13,1.1502087722403994e-13,1.3920420371960064e-13,1.0,50
mdgnc,ESP,10,5,50,train,f1,2.623789671873882e-12,2.557619197437468e-13,2.070663640552084e-12,1.0,50
mdgnc,ESP,10,5,50,test,f0,0.4973343092322603,0.256743114343527,0.3137725336403001,0.9340829732371866,4500
mdgnc,ESP,10,5,50,test,f1,0.9247962343371396,0.0811960038738417,0.6732299154547836,0.9934072089549192,4500
mdgnc,ESP,10,5,75,train,f0,2.672896088683012e-12,1.3383056691197929e-12,1.646582129903133e-12,1.0,75
mdgnc,ESP,10,5,75,train,f1,5.217849732684589e-12,5.161042037564665e-13,4.062314928887645e-12,1.0,75
mdgnc,ESP,10,5,75,test,f0,0.7347610473807104,0.3793119358566841,0.4407353222963406,0.8561224553166548,4500
mdgnc,ESP,10,5,75,test,f1,0.8189675859357325,0.0719043750517118,0.5968564351741164,0.9948297608484228,4500
mdgnc,ESP,10,5,100,train,f0,2.5429125170725543e-13,1.1814500247927514e-13,1.8359536113621292e-13,1.0,100
mdgnc,ESP,10,5,100,train,f1,5.140399666994463e-12,5.314676886308034e-13,3.904894185779995e-12,1.0,100
mdgnc,ESP,10,5,100,test,f0,0.4774764171584614,0.2464917060640637,0.293940336300396,0.9392418388416272,4500
mdgnc,ESP,10,5,100,test,f1,0.6263095764498914,0.0549892321221438,0.4302811920487961,0.996976184350617,4500
mdgnc,ESP,10,5,125,train,f0,2.308742915810527e-13,1.082206198255966e-13,1.5428369692926938e-13,1.0,125
mdgnc,ESP,10,5,125,train,f1,2.254779354628733e-11,2.0492082747414977e-12,1.7542646446599974e-11,1.0,125
mdgnc,ESP,10,5,125,test,f0,0.3343610888079165,0.1726100646230434,0.1905101546198706,0.9702057655908288,4500
mdgnc,ESP,10,5,125,test,f1,0.6517493019472991,0.057222809610181,0.3951924698959148,0.9967255500603168,4500
mdgnc,ESP,10,5,150,train,f0,2.0858947872972378e-13,9.985351207168396e-14,1.4023153009172046e-13,1.0,150
mdgnc,ESP,10,5,150,train,f1,3.6195907096903496e-11,3.5755853225967974e-12,2.8438501923725804e-11,1.0,150
mdgnc,ESP,10,5,150,test,f0,0.4227112848068871,0.2182198366668285,0.2124748577932237,0.9523801028851028,4500
mdgnc,ESP,10,5,150,test,f1,0.6489349914345006,0.0569757165113827,0.3395273496923371,0.9967537677280144,4500
mdgnc,ESP,10,5,175,train,f0,4.4895565160421254e-13,2.1233989932612346e-13,2.96694732274513e-13,1.0,175
mdgnc,ESP,10,5,175,train,f1,3.690332059774361e-11,3.6062821727311945e-12,2.896259486208562e-11,1.0,175
mdgnc,ESP,10,5,175,test,f0,0.4297829499560434,0.2218705024268316,0.2205135398384939,0.9507734801528652,4500
mdgnc,ESP,10,5,175,test,f1,0.6542149219010068,0.0574392880947157,0.3339469032712102,0.9967007281831722,4500
mdgnc,ESP,10,5,200,train,f0,2.515899302524324e-13,1.1772335151033061e-13,1.8058887718552798e-13,1.0,200
mdgnc,ESP,10,5,200,train,f1,2.9997475544602606e-11,2.891829310966996e-12,2.2318999981507655e-11,1.0,200
mdgnc,ESP,10,5,200,test,f0,0.3729098341925764,0.1925104108496521,0.1857453162668268,0.962939741714498,4500
mdgnc,ESP,10,5,200,test,f1,0.5876774454227656,0.0515973771987924,0.2968377677652483,0.9973377106662056,4500
mdgnc,ESP,10,5,225,train,f0,3.487941477039453e-13,1.6295567176231282e-13,2.171063329114986e-13,1.0,225
mdgnc,ESP,10,5,225,train,f1,3.5761244461395195e-11,3.509420184514837e-12,2.711382131160968e-11,1.0,225
mdgnc,ESP,10,5,225,test,f0,0.3662984422217459,0.1890973558216224,0.1832031419283408,0.9642421900212708,4500
mdgnc,ESP,10,5,225,test,f1,0.6131713403758068,0.0538357107002801,0.3055311519109291,0.9971017162533956,4500
mdgnc,ESP,10,5,250,train,f0,5.999401467411489e-13,2.7739854084798664e-13,3.918625424148559e-13,1.0,250
mdgnc,ESP,10,5,250,train,f1,5.1882977884532107e-11,4.845435087341268e-12,4.056045099787298e-11,1.0,250
mdgnc,ESP,10,5,250,test,f0,0.3770819667069847,0.1946642262517237,0.1807786725497875,0.9621058390178178,4500
mdgnc,ESP,10,5,250,test,f1,0.6397810082001947,0.0561720077260776,0.3140516121694808,0.9968447055480216,4500
mdgnc,ESP,10,5,275,train,f0,4.814771147391707e-13,2.2213868948484212e-13,3.204612333072212e-13,1.0,275
mdgnc,ESP,10,5,275,train,f1,7.365590101363353e-11,6.630839192207601e-12,5.746718495009356e-11,1.0,275
mdgnc,ESP,10,5,275,test,f0,0.3670601348605228,0.1894905708816371,0.1733924537814829,0.9640933235469512,4500
mdgnc,ESP,10,5,275,test,f1,0.6658140698646161,0.0584576794203048,0.3248856220443181,0.9965826997167928,4500
mdgnc,ESP,10,5,300,train,f0,6.621716540091664e-13,3.057090426238132e-13,4.344983632146674e-13,1.0,300
mdgnc,ESP,10,5,300,train,f1,5.7379397121342175e-11,4.918907922157424e-12,4.546839941591922e-11,1.0,300
mdgnc,ESP,10,5,300,test,f0,0.3784623447674722,0.1953768305415185,0.1716646072991438,0.9618278940875508,4500
mdgnc,ESP,10,5,300,test,f1,0.6464233916983604,0.0567552010569146,0.3158155172196513,0.9967788471529891,4500
mdgnc,ESP,10,6,25,train,f0,4.405571691133331e-13,1.9932524181241449e-13,2.8746782732014255e-13,1.0,25
mdgnc,ESP,10,6,25,train,f1,1.621700962798379e-11,1.3803040048864477e-12,1.2538947657958488e-11,1.0,25
mdgnc,ESP,10,6,25,test,f0,0.9585275306997632,0.4956425513505612,0.6124478013249128,0.7543384612907063,4500
mdgnc,ESP,10,6,25,test,f1,7.358809031743051,0.6411239018972156,5.698127683938634,0.5889601424160894,4500
mdgnc,ESP,10,6,50,train,f0,2.652502582440566e-13,1.2216675148808284e-13,1.8919976696452069e-13,1.0,50
mdgnc,ESP,10,6,50,train,f1,6.920105769093632e-12,6.875848353364594e-13,5.658407076225558e-12,1.0,50
mdgnc,ESP,10,6,50,test,f0,0.3957866928257072,0.2046563295678355,0.2552029125800883,0.9581157867678216,4500
mdgnc,ESP,10,6,50,test,f1,1.4048734565574312,0.122397245023572,0.9662192953331804,0.9850189144106396,4500
mdgnc,ESP,10,6,75,train,f0,1.4786167483281457e-13,6.863756909215574e-14,1.0572875908110293e-13,1.0,75
mdgnc,ESP,10,6,75,train,f1,1.1920002115841185e-11,1.2416441853174399e-12,9.46059230955143e-12,1.0,75
mdgnc,ESP,10,6,75,test,f0,0.5898450053636659,0.3050014464857405,0.372903655835581,0.906974117641606,4500
mdgnc,ESP,10,6,75,test,f1,1.27965538663462,0.1114878305747592,0.7983409197643841,0.9875704636337338,4500
mdgnc,ESP,10,6,100,train,f0,1.0335691560838572e-12,4.797265916865353e-13,7.502665155811883e-13,1.0,100
mdgnc,ESP,10,6,100,train,f1,7.222608943440373e-12,7.359749088135013e-13,5.695710569852963e-12,1.0,100
mdgnc,ESP,10,6,100,test,f0,0.3797142907628628,0.1963454922578789,0.2278269269203543,0.9614484476700113,4500
mdgnc,ESP,10,6,100,test,f1,1.320821047035749,0.1150743197344455,0.8964733807784285,0.9867579009376546,4500
mdgnc,ESP,10,6,125,train,f0,3.836385676558725e-13,1.7676381469313141e-13,2.704858559354762e-13,1.0,125
mdgnc,ESP,10,6,125,train,f1,1.812043033811383e-11,1.8475763619780377e-12,1.414656480847043e-11,1.0,125
mdgnc,ESP,10,6,125,test,f0,0.3342911340979556,0.1728577482560399,0.1834989554468544,0.9701201988678516,4500
mdgnc,ESP,10,6,125,test,f1,1.084962920790261,0.0945255758357529,0.6263160609004859,0.9910649155129192,4500
mdgnc,ESP,10,6,150,train,f0,4.4772287584549494e-13,2.065586145893771e-13,2.801166705997578e-13,1.0,150
mdgnc,ESP,10,6,150,train,f1,2.551619664241232e-11,2.6151305108792683e-12,1.986033263771484e-11,1.0,150
mdgnc,ESP,10,6,150,test,f0,0.3087693014421586,0.1596607290286146,0.1602341692725447,0.9745084516060512,4500
mdgnc,ESP,10,6,150,test,f1,1.021225625642526,0.0889725708338266,0.5372948264785038,0.9920838816392196,4500
mdgnc,ESP,10,6,175,train,f0,4.2518087348027066e-13,1.9497382966002923e-13,2.965602366852441e-13,1.0,175
mdgnc,ESP,10,6,175,train,f1,3.1782384803311694e-11,3.281073692277521e-12,2.4583499680375096e-11,1.0,175
mdgnc,ESP,10,6,175,test,f0,0.2935140417475051,0.151772425777634,0.1507213247290167,0.9769651307735726,4500
mdgnc,ESP,10,6,175,test,f1,1.024715260768106,0.0892765994447415,0.5244157215615352,0.9920296887915832,4500
mdgnc,ESP,10,6,200,train,f0,6.908175125770758e-13,3.208042654456481e-13,3.5871750014848663e-13,1.0,200
mdgnc,ESP,10,6,200,train,f1,5.397519295081949e-11,5.760030139823301e-12,4.2308769820920136e-11,1.0,200
mdgnc,ESP,10,6,200,test,f0,0.312905857712995,0.1617996903398101,0.1537027760381161,0.9738208602059416,4500
mdgnc,ESP,10,6,200,test,f1,0.9950076692129188,0.0866883753269974,0.5140271136896378,0.9924851255831656,4500
mdgnc,ESP,10,6,225,train,f0,5.725907754698092e-13,2.648769786854725e-13,3.3348731183953843e-13,1.0,225
mdgnc,ESP,10,6,225,train,f1,3.957178763860062e-11,4.151104732987738e-12,2.97436031360121e-11,1.0,225
mdgnc,ESP,10,6,225,test,f0,0.2884504077253538,0.1491540842011407,0.1425037781405766,0.977753059166119,4500
mdgnc,ESP,10,6,225,test,f1,0.9882124466652856,0.0860963529528326,0.4969721237549143,0.9925874180082211,4500
mdgnc,ESP,10,6,250,train,f0,4.618125283435047e-13,2.10817853418507e-13,2.86782153580134e-13,1.0,250
mdgnc,ESP,10,6,250,train,f1,4.5864505248123966e-11,4.578878272052418e-12,3.639483736606053e-11,1.0,250
mdgnc,ESP,10,6,250,test,f0,0.285934065779802,0.1478529153749796,0.1361003497760234,0.9781395154151192,4500
mdgnc,ESP,10,6,250,test,f1,0.9910465457022544,0.0863432690808509,0.493920445720541,0.9925448398844318,4500
mdgnc,ESP,10,6,275,train,f0,5.563330040514778e-13,2.527951214941583e-13,3.583961410475405e-13,1.0,275
mdgnc,ESP,10,6,275,train,f1,9.245990591640163e-11,8.809500923391667e-12,7.084829369639259e-11,1.0,275
mdgnc,ESP,10,6,275,test,f0,0.2848346588537168,0.1472844258570838,0.1338151963874848,0.9783072978999492,4500
mdgnc,ESP,10,6,275,test,f1,1.001427880109221,0.0872477254396427,0.4958649089187452,0.9923878344056088,4500
mdgnc,ESP,10,6,300,train,f0,6.234943045800789e-13,2.847188373069348e-13,3.723599206750805e-13,1.0,300
mdgnc,ESP,10,6,300,train,f1,4.7237341344259956e-11,4.428416035892808e-12,3.666524861500875e-11,1.0,300
mdgnc,ESP,10,6,300,test,f0,0.288438020520709,0.1491476789331462,0.1318331561366144,0.9777549698688552,4500
mdgnc,ESP,10,6,300,test,f1,0.9747672841854425,0.0849249657088457,0.4837076924918204,0.9927877501993514,4500
mdgnc,ESP,10,7,25,train,f0,3.043844850108887e-13,1.3935002207771094e-13,2.245315045001917e-13,1.0,25
mdgnc,ESP,10,7,25,train,f1,1.928142257968545e-12,1.6878977165102997e-13,1.5899104255368001e-12,1.0,25
mdgnc,ESP,10,7,25,test,f0,0.8289834481041853,0.4283749255134937,0.5243846713216848,0.8164949231913086,4500
mdgnc,ESP,10,7,25,test,f1,4.633771502236628,0.407122061898385,3.7295121978745063,0.8342516267156075,4500
mdgnc,ESP,10,7,50,train,f0,9.514325016510107e-14,4.5466765962966347e-14,6.365574733990799e-14,1.0,50
mdgnc,ESP,10,7,50,train,f1,6.471503271644317e-12,6.264607992278915e-13,5.083578002995637e-12,1.0,50
mdgnc,ESP,10,7,50,test,f0,0.4606690303874268,0.2380494592864128,0.2903706098103297,0.9433324549334464,4500
mdgnc,ESP,10,7,50,test,f1,0.9214523842027162,0.0809585872796529,0.664572593900914,0.9934457071456828,4500
mdgnc,ESP,10,7,75,train,f0,2.586195649011868e-13,1.1868630429440416e-13,1.8306541467912518e-13,1.0,75
mdgnc,ESP,10,7,75,train,f1,9.8122005412832e-12,9.885352384168891e-13,7.454066993280624e-12,1.0,75
mdgnc,ESP,10,7,75,test,f0,0.4607615795078915,0.2380972837908418,0.2888601777522804,0.9433096834514232,4500
mdgnc,ESP,10,7,75,test,f1,0.7672499968242958,0.0674104022064671,0.5338545962132761,0.9954558376743624,4500
mdgnc,ESP,10,7,100,train,f0,7.373453580751089e-13,3.437996541056885e-13,4.447509027727392e-13,1.0,100
mdgnc,ESP,10,7,100,train,f1,1.2514292126797375e-11,1.286701367600794e-12,9.732481487390032e-12,1.0,100
mdgnc,ESP,10,7,100,test,f0,0.5854866715075435,0.3025486333530102,0.4009639598328585,0.9084643244562258,4500
mdgnc,ESP,10,7,100,test,f1,0.8201463132117376,0.0720578599812171,0.5557565232567356,0.9948076648149272,4500
mdgnc,ESP,10,7,125,train,f0,1.739703028087606e-13,8.261518275796968e-14,1.20596865826883e-13,1.0,125
mdgnc,ESP,10,7,125,train,f1,1.8292815072665828e-11,1.872882358607462e-12,1.457792109249567e-11,1.0,125
mdgnc,ESP,10,7,125,test,f0,0.4714274813666997,0.2436088593533577,0.3270529112216102,0.940654723644556,4500
mdgnc,ESP,10,7,125,test,f1,0.6234529360923928,0.0547764266572105,0.3785497641673884,0.9969995430826673,4500
mdgnc,ESP,10,7,150,train,f0,6.192074172087568e-13,2.889586873939959e-13,3.75681707964759e-13,1.0,150
mdgnc,ESP,10,7,150,train,f1,1.2365025744907236e-11,1.248300533349184e-12,9.283856646410034e-12,1.0,150
mdgnc,ESP,10,7,150,test,f0,0.3994896454274788,0.2064351797309959,0.2359462472591507,0.9573845165694314,4500
mdgnc,ESP,10,7,150,test,f1,0.7231182048948676,0.0635329934656807,0.4842667560608618,0.9959635587412896,4500
mdgnc,ESP,10,7,175,train,f0,5.532428438766723e-12,2.601423656025314e-12,3.3787728170864287e-12,1.0,175
mdgnc,ESP,10,7,175,train,f1,2.2126631306539415e-11,2.2524003483789386e-12,1.6780177247710525e-11,1.0,175
mdgnc,ESP,10,7,175,test,f0,0.7241765271323679,0.3742162362570608,0.350568340547272,0.8599622085215997,4500
mdgnc,ESP,10,7,175,test,f1,0.7134730085356401,0.0626855688079719,0.4409892907136384,0.996070519463221,4500
mdgnc,ESP,10,7,200,train,f0,1.9156080323432285e-13,8.864933801900878e-14,1.3918199925910816e-13,1.0,200
mdgnc,ESP,10,7,200,train,f1,4.586727397996289e-11,4.744985147382568e-12,3.4901823653399326e-11,1.0,200
mdgnc,ESP,10,7,200,test,f0,0.3167947921019387,0.1637028408469204,0.1879208456933693,0.973201379898648,4500
mdgnc,ESP,10,7,200,test,f1,0.6815107881658341,0.059877375729499,0.3463526505667194,0.9964146998757484,4500
mdgnc,ESP,10,7,225,train,f0,1.7739527812766153e-12,8.276332198610453e-13,8.916679740246359e-13,1.0,225
mdgnc,ESP,10,7,225,train,f1,5.5792908032994006e-11,5.8035835362378846e-12,4.1222468401732237e-11,1.0,225
mdgnc,ESP,10,7,225,test,f0,0.7185829437140803,0.3713257673512675,0.3581227419152846,0.8621171745009923,4500
mdgnc,ESP,10,7,225,test,f1,0.7112914619693171,0.0624938986456042,0.4254098961954127,0.9960945126320728,4500
mdgnc,ESP,10,7,250,train,f0,1.702986154430269e-13,7.81693711616482e-14,1.0459721977440497e-13,1.0,250
mdgnc,ESP,10,7,250,train,f1,6.137865591472679e-11,5.8903644176265376e-12,4.778500795055152e-11,1.0,250
mdgnc,ESP,10,7,250,test,f0,0.3090139908923544,0.1596821331401338,0.1561613162670626,0.9745016163558166,4500
mdgnc,ESP,10,7,250,test,f1,0.6878180133004539,0.0604315270294551,0.3405093611817409,0.9963480305408884,4500
mdgnc,ESP,10,7,275,train,f0,2.5909343873337155e-12,1.1833105438095474e-12,1.305651344616556e-12,1.0,275
mdgnc,ESP,10,7,275,train,f1,4.358861341327235e-11,3.8624386951682336e-12,3.2047802795370277e-11,1.0,275
mdgnc,ESP,10,7,275,test,f0,0.5417877561505319,0.2799673385709608,0.2510387249062972,0.921618289333493,4500
mdgnc,ESP,10,7,275,test,f1,0.6984865587339185,0.0613688628933906,0.3630162995313177,0.9962338626671722,4500
mdgnc,ESP,10,7,300,train,f0,2.0893250494119202e-13,9.590927478103637e-14,1.459706429803494e-13,1.0,300
mdgnc,ESP,10,7,300,train,f1,8.382241447926085e-11,7.342207518527466e-12,6.609354841202729e-11,1.0,300
mdgnc,ESP,10,7,300,test,f0,0.3123531994051066,0.1614076599901518,0.1491364103774924,0.9739475672965036,4500
mdgnc,ESP,10,7,300,test,f1,0.6721915267322519,0.0590585876368236,0.3274912701380148,0.9965120832263435,4500
mdgnc,ESP,10,8,25,train,f0,2.105422213561604e-13,9.889925002234685e-14,1.6202150732169686e-13,1.0,25
mdgnc,ESP,10,8,25,train,f1,7.659036390141956e-12,7.123611105259681e-13,5.830855798194534e-12,1.0,25
mdgnc,ESP,10,8,25,test,f0,0.6283517937984546,0.3245156511074206,0.4382676207771657,0.8946895921863268,4500
mdgnc,ESP,10,8,25,test,f1,6.170040001047635,0.5374952987569261,4.848302953803306,0.7110988038142028,4500
mdgnc,ESP,10,8,50,train,f0,2.743563442616804e-13,1.2837770143653698e-13,1.943156746619934e-13,1.0,50
mdgnc,ESP,10,8,50,train,f1,6.1669218758823166e-12,5.782094594093444e-13,4.992770641365496e-12,1.0,50
mdgnc,ESP,10,8,50,test,f0,0.5791582397094123,0.2991093764806083,0.4176142277860942,0.9105335809013816,4500
mdgnc,ESP,10,8,50,test,f1,1.845951559606243,0.1608077556795261,1.3809971848962397,0.9741408657133138,4500
mdgnc,ESP,10,8,75,train,f0,6.386503113263802e-13,3.0235066988156884e-13,4.23175568660857e-13,1.0,75
mdgnc,ESP,10,8,75,train,f1,5.914246740916399e-12,6.114729402275535e-13,4.765610128742992e-12,1.0,75
mdgnc,ESP,10,8,75,test,f0,0.5566888276361959,0.2875049282067173,0.3511668028694025,0.9173409162568504,4500
mdgnc,ESP,10,8,75,test,f1,1.5144690000995005,0.1319310681176083,1.084639219818858,0.982594193265347,4500
mdgnc,ESP,10,8,100,train,f0,1.5969099108087614e-13,7.477545804765344e-14,1.1018297385589905e-13,1.0,100
mdgnc,ESP,10,8,100,train,f1,1.148480850526965e-11,1.1578736959829202e-12,8.803020534742245e-12,1.0,100
mdgnc,ESP,10,8,100,test,f0,0.487935507681033,0.2519969076818281,0.29799795769905,0.9364975585187962,4500
mdgnc,ESP,10,8,100,test,f1,1.1917646087101084,0.1038190796652544,0.729526218371165,0.9892215986974596,4500
mdgnc,ESP,10,8,125,train,f0,2.730349971970828e-13,1.300763838931201e-13,1.8103207821695839e-13,1.0,125
mdgnc,ESP,10,8,125,train,f1,1.3767095724981903e-11,1.4232460333155368e-12,1.07099253909837e-11,1.0,125
mdgnc,ESP,10,8,125,test,f0,0.3363117046520671,0.1736899820886299,0.2061995967032734,0.9698317901220512,4500
mdgnc,ESP,10,8,125,test,f1,1.078037149999764,0.0939118546900511,0.6475872064678705,0.9911805635486748,4500
mdgnc,ESP,10,8,150,train,f0,3.5464022093333734e-13,1.674826473718056e-13,2.6049384871384975e-13,1.0,150
mdgnc,ESP,10,8,150,train,f1,1.7309413178671736e-11,1.8337370478701595e-12,1.3514925475040704e-11,1.0,150
mdgnc,ESP,10,8,150,test,f0,0.4239118591683776,0.2189315513186995,0.2410049543281589,0.9520689758371876,4500
mdgnc,ESP,10,8,150,test,f1,1.1086805543999123,0.0965813164439766,0.6195773044169254,0.9906720493139484,4500
mdgnc,ESP,10,8,175,train,f0,3.519111571283257e-13,1.6494864695439108e-13,2.4945886626223263e-13,1.0,175
mdgnc,ESP,10,8,175,train,f1,1.8890369664430616e-11,1.927847584060827e-12,1.480324434461571e-11,1.0,175
mdgnc,ESP,10,8,175,test,f0,0.2685449462029112,0.138691476540286,0.1286855119178253,0.9807646743350752,4500
mdgnc,ESP,10,8,175,test,f1,0.9860088152994012,0.085894921696833,0.5309965276552604,0.9926220624266948,4500
mdgnc,ESP,10,8,200,train,f0,2.545973393908175e-13,1.199396534082545e-13,1.729905108049934e-13,1.0,200
mdgnc,ESP,10,8,200,train,f1,4.3051514754419186e-11,4.377501133260629e-12,3.2777212055634664e-11,1.0,200
mdgnc,ESP,10,8,200,test,f0,0.2827516332306738,0.146028596186311,0.1450380332486015,0.9786756490958552,4500
mdgnc,ESP,10,8,200,test,f1,1.0139302595013482,0.0883272633008586,0.5184308565216952,0.9921982945577807,4500
mdgnc,ESP,10,8,225,train,f0,3.2584349605249354e-13,1.5331432758231858e-13,2.0376194558795962e-13,1.0,225
mdgnc,ESP,10,8,225,train,f1,4.480508823024287e-11,4.643142890070745e-12,3.543839789522786e-11,1.0,225
mdgnc,ESP,10,8,225,test,f0,0.2795098318117037,0.1443543504713772,0.1406018099586999,0.9791618214999868,4500
mdgnc,ESP,10,8,225,test,f1,1.0031280495572894,0.0873862423252846,0.5042796184525821,0.9923636446522668,4500
mdgnc,ESP,10,8,250,train,f0,3.3716775151759605e-13,1.5606161633445227e-13,2.230553519666501e-13,1.0,250
mdgnc,ESP,10,8,250,train,f1,6.810442176912462e-11,6.717260301007941e-12,5.219980891979504e-11,1.0,250
mdgnc,ESP,10,8,250,test,f0,0.2655822672413017,0.1371613851142124,0.1290740803742518,0.9811867544335507,4500
mdgnc,ESP,10,8,250,test,f1,0.9960508190734244,0.0867697182650433,0.4948596041433813,0.992471015992205,4500
mdgnc,ESP,10,8,275,train,f0,2.659412583485433e-13,1.2212658719036965e-13,1.8987478256349282e-13,1.0,275
mdgnc,ESP,10,8,275,train,f1,1.2249266691727858e-09,1.1278908820674839e-10,9.335947094190156e-10,1.0,275
mdgnc,ESP,10,8,275,test,f0,0.2704960270398521,0.1396991226939407,0.138996494784699,0.9804841551185433,4500
mdgnc,ESP,10,8,275,test,f1,0.9900436416797463,0.0862464105381319,0.4869838476452631,0.992561556669288,4500
mdgnc,ESP,10,8,300,train,f0,4.702790276954964e-13,2.1705919536281595e-13,3.201409507861778e-13,1.0,300
mdgnc,ESP,10,8,300,train,f1,9.682201082119811e-11,8.788215806886909e-12,7.599176399253336e-11,1.0,300
mdgnc,ESP,10,8,300,test,f0,0.2608610899637456,0.1347231078094593,0.1241029098017175,0.9818496842221608,4500
mdgnc,ESP,10,8,300,test,f1,0.9940910547091591,0.0865989958495833,0.4900066174079515,0.9925006139178438,4500
mdgnc,ESP,10,9,25,train,f0,1.8596515502850003e-13,8.392865632641074e-14,1.0958345342260145e-13,1.0,25
mdgnc,ESP,10,9,25,train,f1,3.541297092946898e-12,3.118214346014797e-13,2.743831828411203e-12,1.0,25
mdgnc,ESP,10,9,25,test,f0,0.7107818675531606,0.3671824530569243,0.534853279245486,0.8651770461670996,4500
mdgnc,ESP,10,9,25,test,f1,2.904777178576156,0.2547544522406834,2.001095063857034,0.9351001690635492,4500
mdgnc,ESP,10,9,50,train,f0,2.27035951523239e-13,1.0224003257849117e-13,1.4569678796760856e-13,1.0,50
mdgnc,ESP,10,9,50,train,f1,4.217361509452834e-12,4.134323734255596e-13,3.40349970429088e-12,1.0,50
mdgnc,ESP,10,9,50,test,f0,0.4946678116613465,0.2555401999200959,0.3172284577327754,0.9346992062247974,4500
mdgnc,ESP,10,9,50,test,f1,0.8712140102325443,0.0764071163868041,0.6415631398645724,0.9941619525654534,4500
mdgnc,ESP,10,9,75,train,f0,2.967349646397235e-13,1.3893862565369162e-13,2.0405603133137147e-13,1.0,75
mdgnc,ESP,10,9,75,train,f1,3.727308895526968e-12,3.5711546348521826e-13,2.8744769527596267e-12,1.0,75
mdgnc,ESP,10,9,75,test,f0,0.5841457953515674,0.3017635872148,0.3262898662404591,0.908938737431256,4500
mdgnc,ESP,10,9,75,test,f1,0.8495426618448214,0.0745064981471161,0.630804007103836,0.9944487817338538,4500
mdgnc,ESP,10,9,100,train,f0,4.2314949419701406e-13,1.949254688702761e-13,3.030642403700768e-13,1.0,100
mdgnc,ESP,10,9,100,train,f1,1.2851210707671466e-11,1.3302722114885225e-12,1.0181508969253628e-11,1.0,100
mdgnc,ESP,10,9,100,test,f0,0.3162738268461247,0.1633837396258218,0.1836681305182196,0.9733057536258816,4500
mdgnc,ESP,10,9,100,test,f1,0.616909257117106,0.0541041085829898,0.3774260284375323,0.99707274543444,4500
mdgnc,ESP,10,9,125,train,f0,4.97125716852567e-13,2.310423760045212e-13,3.237445866943745e-13,1.0,125
mdgnc,ESP,10,9,125,train,f1,9.511816976656743e-12,9.27942772848272e-13,7.620741371283656e-12,1.0,125
mdgnc,ESP,10,9,125,test,f0,0.3898359443292652,0.2013851574764271,0.2594040187577321,0.9594440183481948,4500
mdgnc,ESP,10,9,125,test,f1,0.7770381240257039,0.0681477130556802,0.556482389741349,0.9953558892052806,4500
mdgnc,ESP,10,9,150,train,f0,1.5649307304280685e-12,7.330405642779939e-13,1.0382095183558705e-12,1.0,150
mdgnc,ESP,10,9,150,train,f1,1.2941992825661637e-11,1.267100780663878e-12,1.0268171498258499e-11,1.0,150
mdgnc,ESP,10,9,150,test,f0,0.6088839790809437,0.3145430732998835,0.3911305028593458,0.901062655039064,4500
mdgnc,ESP,10,9,150,test,f1,0.7079095065258841,0.062085002560979,0.4706134331536753,0.9961454524570033,4500
mdgnc,ESP,10,9,175,train,f0,2.0712164047852592e-13,9.794636496254177e-14,1.3387640202771374e-13,1.0,175
mdgnc,ESP,10,9,175,train,f1,2.650532524957512e-11,2.648929782598904e-12,2.0209114381941616e-11,1.0,175
mdgnc,ESP,10,9,175,test,f0,0.3271812357259134,0.1690183925788618,0.1974980078527048,0.9714327829700578,4500
mdgnc,ESP,10,9,175,test,f1,0.6110646534712244,0.0535915257895997,0.3178734211552702,0.9971279483635428,4500
mdgnc,ESP,10,9,200,train,f0,1.8770195498359074e-13,8.754531023146735e-14,1.2239320668072654e-13,1.0,200
mdgnc,ESP,10,9,200,train,f1,2.0029493493358718e-11,1.9615583593445025e-12,1.5950956111510095e-11,1.0,200
mdgnc,ESP,10,9,200,test,f0,0.3366090199012358,0.1738886869383718,0.1986613428647842,0.9697627245548488,4500
mdgnc,ESP,10,9,200,test,f1,0.5996793819765895,0.0525930159470482,0.3134302437989728,0.9972339746735936,4500
mdgnc,ESP,10,9,225,train,f0,1.4998989799026618e-12,7.03642898525936e-13,7.97990809233953e-13,1.0,225
mdgnc,ESP,10,9,225,train,f1,2.3271502021225476e-11,2.3183872718400738e-12,1.810183410574003e-11,1.0,225
mdgnc,ESP,10,9,225,test,f0,0.5018063134414184,0.2592278750204487,0.2495609782045344,0.9328009088123826,4500
mdgnc,ESP,10,9,225,test,f1,0.700437316638021,0.0614296773759836,0.4479782668771279,0.9962263947374824,4500
mdgnc,ESP,10,9,250,train,f0,3.136315257176192e-13,1.4476825818103433e-13,2.3385382519336417e-13,1.0,250
mdgnc,ESP,10,9,250,train,f1,6.173667705884989e-11,5.82615865940776e-12,4.7860339691396794e-11,1.0,250
mdgnc,ESP,10,9,250,test,f0,0.3037307953446558,0.1569041411924316,0.1744547237592142,0.9753810904766654,4500
mdgnc,ESP,10,9,250,test,f1,0.6512620450965688,0.0571169130587321,0.3209890277002633,0.9967376582426412,4500
mdgnc,ESP,10,9,275,train,f0,1.1974770747856017e-12,5.488719392540964e-13,6.95122343524252e-13,1.0,275
mdgnc,ESP,10,9,275,train,f1,5.7008674838902527e-11,5.1294091212735e-12,4.531164615235122e-11,1.0,275
mdgnc,ESP,10,9,275,test,f0,0.3665306299425626,0.1893458766556733,0.1760661160727784,0.9641481389934944,4500
mdgnc,ESP,10,9,275,test,f1,0.6894156863696272,0.0604630595567124,0.3599943948265344,0.9963442184290414,4500
mdgnc,ESP,10,9,300,train,f0,1.2837710892164908e-12,5.917608914109949e-13,8.135891960137087e-13,1.0,300
mdgnc,ESP,10,9,300,train,f1,1.4489652691680275e-10,1.2582685964483683e-11,1.1415203005071815e-10,1.0,300
mdgnc,ESP,10,9,300,test,f0,0.3181374127869654,0.1643464485643544,0.1453740163905874,0.972990244844284,4500
mdgnc,ESP,10,9,300,test,f1,0.6956715157697225,0.0610117076264806,0.3507985486621835,0.9962775715325008,4500
