epoch,train_loss,train_loss_adj,train_loss_features,train_loss_features_binary,train_loss_features_continuous,train_loss_kl,train_adj_precision,train_adj_recall,train_adj_f1,train_adj_edge_rate,train_loss_recon,val_loss,val_loss_adj,val_loss_features,val_loss_features_binary,val_loss_features_continuous,val_loss_kl,val_adj_precision,val_adj_recall,val_adj_f1,val_adj_edge_rate,val_loss_recon,val_adj_f1_smooth
1,0.7254042630195617,0.11115558673275841,0.5014996319346958,0.4272096183564928,0.07429001429180304,11.274904423183864,0.04745480023490058,0.04934134458502134,0.02856909719440672,0.03986528586016761,0.6126552186674542,0.424567661523819,0.06354069954156875,0.21052097141742707,0.19960379827022554,0.01091717217117548,15.050599388122558,0.0,0.0,0.0,0.03951490640640259,0.2740616709589958,0.0
2,0.4050590987470415,0.07416268895732032,0.20409513012568156,0.19042585514651406,0.013669275785485904,12.680128067016602,0.04876902561717563,0.005438899089892705,0.009344441814555062,0.03986528560850355,0.2782578190830019,0.3410725235939026,0.06288161861896514,0.16317168748378755,0.15556245303153993,0.007609234053641558,11.50192194366455,0.0,0.0,0.0,0.03951490640640259,0.2260533061027527,0.0
3,0.3560171953042348,0.07588891961839464,0.1716756062110265,0.16147070042292277,0.010204905923042032,10.845267313639322,0.06201380146874322,0.00899962357017729,0.015070752263069153,0.03986528550253974,0.24756452582942115,0.30677948594093324,0.05855481880903244,0.145082390666008,0.13871648275852203,0.006365905623883009,10.314226997375489,0.0,0.0,0.0,0.03951490640640259,0.20363720947504044,0.0
4,0.3304248936971029,0.07283719285329184,0.15510489021407234,0.1463778757651647,0.008727015102903048,10.248281256781684,0.10811848555670844,0.006858699190947745,0.01264685704641872,0.03986528526412116,0.2279420830673642,0.28313662576675414,0.053675304353237155,0.13122054350376128,0.12566549158096313,0.005555049870163202,9.82407886505127,0.0,0.0,0.0,0.03951490640640259,0.18489584785699842,0.0
5,0.31266005865732827,0.0713103131055832,0.14262033743328517,0.13482641396919887,0.0077939239380260305,9.87294133843316,0.0038148148324754503,9.106346385346519e-05,0.0001771962588859929,0.039865285476048784,0.21393065053886837,0.26707685708999634,0.052318859964609145,0.11858781105279922,0.1135740663409233,0.005013744339346885,9.61701895904541,0.0,0.0,0.0,0.03951490640640259,0.17090667101740836,0.0
6,0.2987932005988227,0.0701593898071183,0.13202250435617235,0.1247969875799285,0.007225517674866649,9.661130663553873,0.0,0.0,0.0,0.039865285052193535,0.20218189416329066,0.2524550745487213,0.05162179452180862,0.10767516356706619,0.1029428095817566,0.004732354797422886,9.315811576843261,0.0,0.0,0.0,0.03951490640640259,0.1592969580888748,0.0
7,0.2866667199134827,0.06935014571083917,0.12240610306792789,0.1155662404563692,0.006839862185633845,9.491047200520834,0.0,0.0,0.0,0.03986528529061212,0.19175624877876707,0.24156566226482393,0.051324408292770386,0.09650337725877761,0.09210881060361863,0.00439456632360816,9.37378818511963,0.0,0.0,0.0,0.03951490640640259,0.147827785551548,0.0
8,0.2762512411541409,0.06919448320070902,0.11433594743410747,0.10777660579151578,0.0065593415527708,9.272081198798286,0.0,0.0,0.0,0.03986528523763021,0.1835304306348165,0.2320246949195862,0.053210358053445816,0.08732413667440414,0.08317486095428467,0.00414927688986063,9.149020515441894,0.0,0.0,0.0,0.03951490640640259,0.14053449472784996,0.0
9,0.26708849753273856,0.06950181718005075,0.10747474032640457,0.10110020078553093,0.006374539258579413,9.011194027370877,0.0,0.0,0.0,0.039865285476048784,0.1769765575064553,0.22431911742687224,0.057215407133102414,0.07940628790855407,0.07535392826795578,0.004052360322326422,8.76974242401123,0.0,0.0,0.0,0.03951490640640259,0.1366216950416565,0.0
10,0.2589335604243808,0.07023403458462821,0.10155578475528293,0.09532292456759346,0.006232860391752588,8.714374219258627,0.0,0.0,0.0,0.03986528566148546,0.17178981933991114,0.21974180591106415,0.06135785540938377,0.07163868951797485,0.06775107955932617,0.00388760980963707,8.67452628326416,0.0,0.0,0.0,0.03951490640640259,0.13299654492735863,0.0
11,0.2519936290582021,0.07112884892357721,0.09632305214802424,0.09020655606190364,0.0061164960020946135,8.454172787984213,0.0,0.0,0.0,0.03986528534359402,0.16745190107160146,0.21465113186836243,0.06566792982816697,0.06556062632799149,0.061743538290262225,0.003817088324576616,8.342257781982422,0.0,0.0,0.0,0.03951490640640259,0.13122855615615847,0.0
12,0.24590465574794346,0.07212824321455426,0.09125496867630217,0.08528234124845929,0.005972627470062839,8.252144493103028,0.0,0.0,0.0,0.03986528523763021,0.16338321189085642,0.2111610153913498,0.06900926512479783,0.058939024209976196,0.05522989949584007,0.0037091245874762537,8.32127254486084,0.0,0.0,0.0,0.03951490640640259,0.12794828933477403,0.0
13,0.24018872012032402,0.07301925315459569,0.08646138246854146,0.08065394985675811,0.005807432460288206,8.070808647579616,0.0,0.0,0.0,0.03986528554227617,0.15948063562313713,0.20463109743595123,0.0717629069685936,0.05404013252258301,0.0503975051343441,0.0036426274478435516,7.882805969238281,0.0,0.0,0.0,0.03951490640640259,0.1258030394911766,0.0
14,0.23505109877056546,0.0736459803448783,0.08159784624311658,0.07594992623726526,0.005647920201222102,7.980727408091227,0.0,0.0,0.0,0.039865285449557836,0.1552438265879949,0.20123365437984467,0.07348973882198334,0.04841735425591469,0.044901232063770294,0.0035161223225295543,7.932656379699707,0.0,0.0,0.0,0.03951490640640259,0.12190709307789803,0.0
15,0.23038255993525186,0.07382636060979632,0.07679024293025334,0.0713315059542656,0.005458736748331123,7.9765957561069065,0.0,0.0,0.0,0.03986528537008498,0.15061660354004966,0.1978665655851364,0.07360318440198899,0.04314726006984711,0.03969248628616333,0.003454773100093007,8.111612205505372,0.0,0.0,0.0,0.03951490640640259,0.11675044447183609,0.0
16,0.2253899055984285,0.07270033595297072,0.07166376922527949,0.06646090576383802,0.005202862994124492,8.102580422295464,0.0,0.0,0.0,0.03986528513166639,0.1443641051782502,0.18958169269561767,0.06937459927797318,0.03710225588083267,0.03378446340560913,0.0033177927434444427,8.310483894348145,0.0,0.0,0.0,0.03951490640640259,0.10647685515880585,0.0
17,0.21917807428042094,0.06616286879446771,0.06589290722542339,0.06097801341944271,0.004914893763760726,8.71223013051351,0.10486229960123698,0.004739211519973145,0.008885834561040005,0.03986528550253974,0.1320557760198911,0.18042469096183777,0.054225136399269104,0.032785879969596865,0.02961279262602329,0.0031730873957276345,9.341368034362793,0.0,0.0,0.0,0.03951490640640259,0.08701101636886596,0.0
18,0.21149418715635934,0.05489727023243904,0.06044836681418949,0.055745998991860286,0.004702367669592301,9.614855206807455,0.5218740175035265,0.10217506217956543,0.1629393508169386,0.03986528526412116,0.11534563704662854,0.17105412483215332,0.04273158198595047,0.0299760879278183,0.026861689284443855,0.0031143987402319907,9.834645950317382,0.0,0.0,0.0,0.03951490640640259,0.07270766991376877,0.0
19,0.20595004320144653,0.04785326197081142,0.05675479454795519,0.05220407551527023,0.004550718959420919,10.134198817782933,0.5558024395836724,0.22743952242533366,0.3154301600986057,0.039865285012457105,0.10460805651876662,0.16574212265014648,0.03472822862863541,0.02703695288300514,0.024089571952819824,0.0029473811611533166,10.397694122314453,0.6595200500488281,0.09469093799591065,0.16133138465881347,0.03951490640640259,0.06176518151164055,0.03226627693176269
20,0.20158265466160244,0.04416174378991127,0.05375880963272518,0.049384233630365794,0.004374575954758458,10.366210287306044,0.5574857023027208,0.30700822522905136,0.38961332066853843,0.03986528568797641,0.09792055342263645,0.16085816287994384,0.028917306616902352,0.02506931585073471,0.02209983105957508,0.002969485005363822,10.687153961181641,0.8146440505981445,0.26632109451293945,0.39864635467529297,0.03951490640640259,0.053986622467637066,0.11199554786682128
21,0.1981493746439616,0.04202849845091502,0.05129103469848633,0.04707028463482857,0.004220750065727366,10.482984229193793,0.5584138158162435,0.35873335456848143,0.4309062627156576,0.03986528537008498,0.09331953314940135,0.15711010599136352,0.027652060016989707,0.023467664793133735,0.020766537919640542,0.0027011269461363553,10.599038452148438,0.8373965835571289,0.28878077697753907,0.42691396331787107,0.03951490640640259,0.051119724810123446,0.1973783405303955
22,0.19532955601480273,0.040538191080093385,0.04914765837126308,0.04505387720796797,0.004093781176540586,10.564371019999186,0.562034843020969,0.3946732300652398,0.45817759704589844,0.03986528517140282,0.08968584945135646,0.15436917185783386,0.027464388459920882,0.022286231845617295,0.019692658722400665,0.002593573193997145,10.461855628967285,0.881894172668457,0.2876985454559326,0.43081950759887694,0.03951490640640259,0.049750620305538173,0.28354224205017087
23,0.19269403245713976,0.03958222062389056,0.04738672364420361,0.04344473869933022,0.00394198479420609,10.572509011162651,0.5623136429256863,0.41533810975816515,0.47253859668307835,0.03986528530385759,0.08696894426809418,0.15216105580329894,0.02517069087922573,0.02062135648727417,0.018093663692474365,0.0025276927947998047,10.6369013671875,0.9043593139648437,0.41804075241088867,0.5679806365966796,0.03951490640640259,0.0457920473664999,0.3971383693695068
24,0.19059973634613886,0.03898730889956156,0.04570547807216644,0.04187352345718278,0.003831954543789228,10.590695064968534,0.5625439768897162,0.42728066719902885,0.4804652807447645,0.03986528507868449,0.084692786971728,0.15059607720375062,0.02349137182533741,0.019651190489530564,0.017245827347040176,0.002405363066121936,10.745351707458497,0.9042627487182617,0.41130746841430665,0.5644782676696777,0.03951490640640259,0.043142562314867974,0.4777677459716797
25,0.18842872309684752,0.038365013523234265,0.0441725326081117,0.040478726039330164,0.003693806634388036,10.589118059794108,0.5679997884962293,0.4413468040890164,0.4915119099087185,0.03986528515815735,0.08253754613134597,0.14917005336284636,0.0235958920866251,0.018815003156661986,0.01639660181105137,0.002418401326984167,10.675916152954102,0.8934345016479492,0.45583921813964845,0.601331558227539,0.03951490640640259,0.04241089524328709,0.5183047866821289
26,0.18656421942181056,0.03794301976429092,0.042696483963065676,0.039130065358347364,0.003566418741312292,10.592471805996365,0.5697805654737684,0.4500822409523858,0.4975755975511339,0.03986528567473094,0.08063950372735659,0.14809414553642272,0.025245194986462594,0.01737438666820526,0.015165861569344997,0.0022085253074765206,10.547456596374511,0.8768795166015625,0.3069576721191406,0.45071888732910154,0.03951490640640259,0.04261958165466785,0.5230657714843749
27,0.18466109708944956,0.03760948385463821,0.041441314654217826,0.037987850553459594,0.0034534641636742485,10.561030026753743,0.5731115540398491,0.45437286927964954,0.5015636800130209,0.03986528546280331,0.07905079850885603,0.14536548113822936,0.022711288675665856,0.01632072189450264,0.014291885554790497,0.0020288361329585313,10.633347190856934,0.9201387481689454,0.531220905303955,0.6728923645019531,0.03951490640640259,0.039032010570168495,0.5714803428649902
28,0.1831451416545444,0.03726802975932757,0.04021565484338337,0.03685162099202474,0.0033640339482161733,10.566145993550618,0.5734174016316732,0.4628942027621799,0.507486868540446,0.039865285396575925,0.07748368460271093,0.14369261062145233,0.022087608441710472,0.01543754555284977,0.013539944171905518,0.0018976014461368322,10.61674578857422,0.9139919738769531,0.5624489860534668,0.6955656509399414,0.03951490640640259,0.037525153994560245,0.5969973457336425
29,0.18145607696639168,0.03703584285908275,0.03910920272270838,0.035863769312699634,0.0032454335501210557,10.531103408813477,0.5752739228142633,0.4675169101291233,0.5112304791344536,0.03986528576744927,0.07614504558179114,0.14245420348644255,0.02243259499967098,0.014853122912347317,0.012971888214349747,0.001881234772503376,10.516848777770996,0.9162001113891601,0.5003953361511231,0.6456015701293946,0.03951490640640259,0.0372857179120183,0.613222006225586
30,0.18001642648379007,0.0368360011710061,0.03805769334236781,0.03491555366251204,0.0031421395894140006,10.512273430718317,0.5757993320888943,0.47150186538696287,0.513866444905599,0.03986528511842092,0.07489369451337391,0.14113889169692992,0.022187432810664178,0.014019754253327847,0.012269902683794498,0.0017498516589403153,10.493170524597168,0.8552016830444336,0.6079307327270508,0.7099047546386719,0.03951490640640259,0.03620718706399202,0.6349366455078125
31,0.17873171065913307,0.03668621585104201,0.03712343357006709,0.03405090681711833,0.003072526954528358,10.492206319173176,0.5776735926734077,0.4728425602383084,0.5155869083404541,0.03986528488000234,0.0738096494211091,0.140398589015007,0.021329794108867647,0.01330878758430481,0.011685003742575646,0.0016237837336957454,10.5760009765625,0.9034284973144531,0.5410468330383301,0.6744148406982422,0.03951490640640259,0.03463858169317246,0.6796758361816406
32,0.17737977700763277,0.0365625009768539,0.036163985775576696,0.03319410950276587,0.0029698763738075892,10.465329204983181,0.5780229358673096,0.4762972433302138,0.5178610670301649,0.03986528546280331,0.0727264867524306,0.1398126754760742,0.022971454605460167,0.012891067989170552,0.01132320710271597,0.0015678609376773237,10.395015762329102,0.9228499450683594,0.5281143569946289,0.6714826965332031,0.03951490640640259,0.03586252259463072,0.6793939025878906
33,0.17607286530070834,0.03654764156871372,0.03533894177940157,0.03244852337737878,0.002890418619538347,10.418628358629014,0.5776756727430555,0.47658693355984155,0.5177184011671279,0.03986528530385759,0.07188658334811529,0.1393967776298523,0.022633325919508934,0.012677865400910378,0.011003278478980064,0.0016745869871228932,10.408558891296387,0.9098636169433594,0.560458683013916,0.69214990234375,0.03951490640640259,0.03531119132041931,0.6787107528686523
34,0.17483823257022435,0.03641204538941383,0.03454153311252594,0.03172810034950574,0.0028134328650517597,10.388465739780003,0.5772405145433214,0.4800415416293674,0.5198716782463921,0.039865285105175445,0.07095357850193977,0.13795208346843718,0.022594857901334763,0.011710370004177094,0.010225894525647164,0.0014844753118231893,10.364685600280762,0.8954535903930664,0.44480736923217773,0.5923616333007813,0.03951490640640259,0.034305227905511854,0.6680627655029296
35,0.17365031895372604,0.03628305060002539,0.03382307189040714,0.03106455272767279,0.0027585191087176404,10.354419765048556,0.5806885564592149,0.48286564826965334,0.5228481366899278,0.039865285409821406,0.07010612249043252,0.13760158038139345,0.022877923905849456,0.01147763229161501,0.009965475551784038,0.0015121566653251647,10.324602561950684,0.9142043533325195,0.4397195053100586,0.5911872367858887,0.03951490640640259,0.034355556197464464,0.6443192619323731
36,0.1725855416721768,0.036176004019048476,0.03305337437325054,0.030356357387370532,0.0026970168999913666,10.335616560194227,0.5805775515238444,0.48286762703789604,0.5227630886501736,0.03986528529061212,0.069229378392299,0.13612575244903563,0.020873658835887907,0.010961497321724892,0.009483046621084214,0.0014784506494179368,10.429059700012207,0.9001065444946289,0.6175219879150391,0.7296407699584961,0.03951490640640259,0.0318351561576128,0.6553644477844238
37,0.17160062975353665,0.036191140582164126,0.03240836768349012,0.029776466406053966,0.00263190108910203,10.300112376742893,0.5779609985351563,0.4836634368896484,0.5224134869045681,0.03986528521113925,0.06859950826565425,0.13546160066127777,0.021276289403438568,0.010486406803131103,0.009126780070364476,0.001359626610763371,10.369890647888184,0.920445083618164,0.5525690536499024,0.6901995086669922,0.03951490640640259,0.03176269620656967,0.6591078102111816
38,0.17057452125019498,0.03599370647139019,0.031776706006791854,0.02920655784673161,0.002570148066721029,10.280411169264053,0.5820883301628961,0.48658518091837566,0.5259501652187771,0.039865285449557836,0.06777041247818205,0.13555565023422242,0.019772911846637726,0.010147487960755826,0.008732741691172123,0.0014147463645786046,10.563525184631347,0.9302207260131836,0.6644996337890625,0.7748300018310547,0.03951490640640259,0.02992039980739355,0.6756438301086426
39,0.16966253017054664,0.0360129784544309,0.031133351095848614,0.02861368443734116,0.002519666599109769,10.251620276557075,0.5837661196390788,0.4825164655049642,0.5239849900139703,0.03986528534359402,0.06714632955027951,0.1328571194410324,0.020850178346037865,0.00983579309284687,0.008495885267853737,0.0013399078221991657,10.217115074157714,0.9123469467163086,0.6176722412109374,0.7353166732788086,0.03951490640640259,0.030685971438884733,0.704234838104248
40,0.16868042537901137,0.03589788803458214,0.030603078918324575,0.028141648176643583,0.0024614308443334366,10.21794603644477,0.5826035512288411,0.486364143371582,0.5259847835964627,0.0398652855820126,0.06650096695290672,0.13354120755195617,0.021196539789438248,0.009621828220784664,0.008308267377316951,0.0013135608108714224,10.272284149169922,0.9404907455444336,0.5013604202270507,0.6531142196655273,0.03951490640640259,0.03081836801022291,0.7166202346801758
41,0.16783366060256957,0.03588814661237929,0.030058556270268228,0.02762993805276023,0.0024286181978467438,10.188695894877116,0.5823521450890435,0.4871041085984972,0.5264598723517524,0.039865285449557836,0.06594670288264752,0.13319248306751252,0.020432852059602737,0.00912218849360943,0.007913404300808906,0.0012087842263281345,10.36374422454834,0.9282069091796875,0.6562950057983399,0.7682443008422851,0.03951490640640259,0.029555040553212168,0.7243409408569336
42,0.16689514046245152,0.035783840182754725,0.0295237086183495,0.02715819654862086,0.0023655121200200583,10.158759521484376,0.5839557257758247,0.49012328826056584,0.5287898063659668,0.03986528534359402,0.06530754880110423,0.1317858201265335,0.019980879440903664,0.008855573266744615,0.007592220280319452,0.0012633530944585801,10.294937080383301,0.9329809188842774,0.6792421188354493,0.785974380493164,0.03951490640640259,0.02883645270764828,0.743495915222168
43,0.16617077642016942,0.035759619914823106,0.029049336090683938,0.026732389400402706,0.0023169466087387667,10.136182239108615,0.5836880480448405,0.49056834920247394,0.5291609365675184,0.03986528529061212,0.06480895600550704,0.13123514008522033,0.020937580794095995,0.008372080594301223,0.007145038284361363,0.0012270422419533133,10.192548080444336,0.916794563293457,0.5909047622680664,0.7152660217285156,0.03951490640640259,0.029309661388397218,0.7315831192016601
44,0.1653845836718877,0.0357015208337042,0.028525370796521506,0.026249835540850957,0.002275535279471013,10.115769393073188,0.5842787626054552,0.49015769746568466,0.5290513462490506,0.03986528559525808,0.06422689163022571,0.13114452409744262,0.02085613016784191,0.008281068123877048,0.0070871513597667215,0.001193916785530746,10.200732818603516,0.9156833877563476,0.5117453804016113,0.6551388168334961,0.03951490640640259,0.029137198291718958,0.7155475479125977
45,0.16475402808189393,0.035807455973492726,0.028151131444507174,0.025909939441415997,0.002241191987155212,10.079544360690647,0.581624700334337,0.48912654622395835,0.5273771733178033,0.03986528555552165,0.0639585874179999,0.1314954614639282,0.02129226052761078,0.008167966581881046,0.0070051301494240764,0.0011628365190699697,10.203523727416993,0.925060432434082,0.5842376861572266,0.7156700439453125,0.03951490640640259,0.029460227109491824,0.7280587127685546
46,0.16393238854408265,0.03567750054928991,0.027682031785448393,0.025483680756555663,0.002198351033135421,10.057285826789009,0.584450739118788,0.4907932580312093,0.5296593377855089,0.03986528537008498,0.0633595323347383,0.13006165742874146,0.02136448433995247,0.007830441646277905,0.006679393086582422,0.0011510486342012883,10.086673591613769,0.9324863433837891,0.5603689727783203,0.6986566543579101,0.03951490640640259,0.02919492598623037,0.7141411834716797
47,0.16316898636023203,0.03565824615955353,0.027286726206541063,0.0251390667921967,0.002147659437937869,10.02240148417155,0.58636962890625,0.49134518983629016,0.5307215627034505,0.03986528525087568,0.06294497236609459,0.1293626481294632,0.020631056264042855,0.0075273427069187165,0.006467902857810259,0.0010594398248940707,10.12042537689209,0.927278823852539,0.605076488494873,0.7319694137573243,0.03951490640640259,0.028158398970961573,0.7033401901245118
48,0.1625419358809789,0.03561231463485294,0.026890855176581276,0.024760668867164187,0.002130186495888564,10.003876857333713,0.5840589663187663,0.4917088279724121,0.5300700522528754,0.03986528515815735,0.06250316981143422,0.12871825790405272,0.02115307928621769,0.00737981928139925,0.006344771299511194,0.0010350479520857335,10.018536041259766,0.9196623916625977,0.5449572219848633,0.6821016540527344,0.03951490640640259,0.02853289856761694,0.6967073165893555
49,0.1618638009097841,0.03561453613638878,0.02652960240178638,0.024440849870443343,0.002088752671662304,9.971966484069824,0.5848071119520399,0.491490966796875,0.5301125038994683,0.03986528529061212,0.06214413853817516,0.12801797914505006,0.020878160864114762,0.0071129857338964935,0.006016655080020428,0.001096330634318292,10.002683486938476,0.9194624786376953,0.5507760162353516,0.6860184783935547,0.03951490640640259,0.027991146598011257,0.7028832489013672
50,0.16115890228748322,0.035544245998064675,0.026125088239709535,0.024067255397637686,0.0020578328128904103,9.948957117716471,0.5843555619981554,0.4925317573547363,0.5307364891899956,0.03986528559525808,0.06166933423777421,0.12723418498039246,0.02141413497924805,0.006923363845795393,0.005931615062057972,0.0009917487939819693,9.889668815612794,0.9166540908813476,0.46674141693115234,0.6173141555786132,0.03951490640640259,0.028337498825043442,0.6832120712280274
51,0.16050461139943864,0.03550565187798606,0.025766253060764736,0.02374731358885765,0.002018939444174369,9.923270823160808,0.5869944585164388,0.49506357532077366,0.5330711470709907,0.039865285396575925,0.061271904938750794,0.12681561517715453,0.020692556872963907,0.00672648236528039,0.0057406207807362076,0.0009858616394922137,9.93965788269043,0.9329741668701171,0.658657829284668,0.7718603057861328,0.03951490640640259,0.0274190392382443,0.6978528015136719
52,0.16004264801078372,0.03540546283788151,0.025448814012938074,0.023452946303619278,0.001995867723495596,9.918837259080675,0.5863506685892741,0.49520098156399195,0.5332812141842312,0.0398652857542038,0.06085427685081959,0.1273017407655716,0.02231475158035755,0.007090813618153334,0.005815955732017756,0.0012748579429462553,9.789617965698243,0.932779541015625,0.45518592834472654,0.6110075035095215,0.03951490640640259,0.029405565198510883,0.6736604194641114
53,0.15939320826530456,0.0354607809053527,0.025106889175044167,0.023140858941608004,0.0019660302872459095,9.882554141574436,0.5875775850084093,0.4922252460055881,0.5317552591959636,0.03986528521113925,0.06056767008039687,0.1266641014814377,0.020605983078479766,0.00653121767938137,0.005485557090491057,0.001045660593546927,9.952690269470216,0.9151592559814453,0.5384927062988282,0.6767675018310547,0.03951490640640259,0.027137200757861135,0.6725935890197754
54,0.15882490837574006,0.03530288789669673,0.02481025324927436,0.022869432338409955,0.0019408209048625495,9.871176855299208,0.5885868199666341,0.4970838135613336,0.5351903097364638,0.03986528566148546,0.06011314114597109,0.1260648537874222,0.021003387913107872,0.006369559444487095,0.0054404156431555745,0.0009291437324136496,9.869190910339356,0.9198609161376953,0.5276185989379882,0.669257682800293,0.03951490640640259,0.02737294735759497,0.669241429901123
55,0.15821029292212593,0.03519910442497995,0.024516984214385352,0.022609464213252068,0.001907519967088269,9.849420675489638,0.5896582128736708,0.4991717258029514,0.5367881961398655,0.03986528515815735,0.0597160886393653,0.12493173170089722,0.019987386718392373,0.006256150595843792,0.005314041920006275,0.0009421086888760328,9.86881967163086,0.9231785964965821,0.5730400009155273,0.7063784484863281,0.03951490640640259,0.026243537314236166,0.687054288482666
56,0.15766717713409,0.03511260474390454,0.02422722690138552,0.022339848895867667,0.0018873780214538178,9.832734656439888,0.5906441485087077,0.5057569419013129,0.5410447815789117,0.03986528530385759,0.05933983164529006,0.12498226833343506,0.020349043413996695,0.0060111691951751705,0.005114194568246603,0.0008969746120274067,9.862205940246582,0.9311961288452149,0.5617462921142579,0.6992049713134766,0.03951490640640259,0.026360212609171867,0.6725232215881347
57,0.15729370143678453,0.03494084183375041,0.023987079926662973,0.022117545179194873,0.0018695347940342294,9.836578203837076,0.5930693177117242,0.5057593320210775,0.5420237416161431,0.0398652855820126,0.05892792176041338,0.12396118301153183,0.020232444122433663,0.006037004929035902,0.005102360162883997,0.0009346448061987758,9.769173332214356,0.9177436065673829,0.5162369308471679,0.6601442947387696,0.03951490640640259,0.026269449051469565,0.6823505798339844
58,0.15654594355159335,0.034653016610278024,0.02367198090751966,0.021838687588771184,0.0018332934643452367,9.822094792683918,0.5950167115529378,0.5087735987769233,0.5446912388271755,0.039865285449557836,0.05832499751779768,0.12415400570631027,0.01929167702794075,0.005747261315584183,0.004905276842415333,0.000841984513681382,9.911507164001465,0.9281585845947266,0.6614840774536133,0.7722732086181641,0.03951490640640259,0.025038938343524934,0.7014517211914063
59,0.15606005132198333,0.0344916808505853,0.02339963696565893,0.02159439933962292,0.0018052375581529404,9.816873630947537,0.5996692413753933,0.5099267603556316,0.5473435660468208,0.03986528527736664,0.05789131781624423,0.12421212792396545,0.019886204838752745,0.005810470014810562,0.004915578756481409,0.0008948912089690566,9.851545890808106,0.94097705078125,0.5876373596191407,0.7232731323242187,0.03951490640640259,0.025696674853563306,0.7122548110961915
60,0.15561917515595755,0.034303047163618934,0.0231440352714724,0.02136431667705377,0.0017797185617188613,9.817209588792588,0.6006134177313911,0.5138266646067301,0.5501149207221138,0.03986528499921163,0.057447082435091334,0.12378596162796021,0.019630152568221093,0.005490273360162974,0.004712784763425589,0.0007774886293336749,9.866553733825684,0.9216366424560547,0.5164599113464355,0.661098258972168,0.03951490640640259,0.025120425928384066,0.7031987731933593
61,0.15521117264694637,0.03425795797175831,0.02288686321179072,0.02112452621757984,0.0017623369503352378,9.806635382758246,0.6024750989278157,0.514674382103814,0.551385558658176,0.03986528526412116,0.057144821183549036,0.12260712021589279,0.018488446190953255,0.005350292652845382,0.004615209192037582,0.0007350835176184774,9.876838188171387,0.9331117935180664,0.669520278930664,0.7790787353515625,0.03951490640640259,0.023838738843798637,0.7191735260009766
62,0.15459052952130636,0.03415083630217446,0.022618762019607757,0.020897125961052046,0.0017216361675204501,9.7820933464898,0.6010912907918294,0.5170465253194173,0.5522459017435709,0.03986528521113925,0.056769598321782216,0.12123868584632874,0.018711394861340522,0.005348171360790729,0.004494898837059736,0.000853272533044219,9.717912094116212,0.9300860443115234,0.6392832946777344,0.757437873840332,0.03951490640640259,0.024059566222131252,0.7386322418212891
63,0.15406914925575257,0.034098983979887434,0.022366253097852073,0.020665607270267276,0.0017006458687699503,9.760391427781848,0.6035613059997559,0.5171384934319391,0.5532811338636611,0.03986528530385759,0.05646523707773951,0.12210305309295655,0.019909405395388602,0.005352041017264128,0.004545161627233028,0.0008068794063292444,9.6841609954834,0.9386378707885742,0.5298310089111328,0.6762863082885742,0.03951490640640259,0.02526144641265273,0.7194348617553711
64,0.1535414887799157,0.033961047857999804,0.022134004159106147,0.020465442073014047,0.0016685620802972053,9.744643894619411,0.6046807708740234,0.5215499640570747,0.5562324142456054,0.03986528486675686,0.05609505201710595,0.12158734357357025,0.020268693044781686,0.005248658314347267,0.004500312779098749,0.0007483455259352923,9.606999450683594,0.9240706863403321,0.47885852813720703,0.6292690582275391,0.03951490640640259,0.025517351359128953,0.7006340469360351
65,0.15316047129366134,0.033972417652606966,0.021908252209424973,0.020247671261429786,0.0016605810049093433,9.727980407714844,0.6053126176198323,0.5208379338582356,0.5562075371212429,0.039865285489294265,0.05588066986203194,0.12103477597236634,0.018306130349636077,0.0051529865935444836,0.004376029156148434,0.0007769573479890823,9.757566131591798,0.9266651916503906,0.6395029907226563,0.7549431610107422,0.03951490640640259,0.02345911694318056,0.71940302734375
66,0.15279619397057428,0.03399682071473863,0.02171868590845002,0.020090012494060727,0.0016286733705136512,9.70806896633572,0.6039170244004991,0.5197065306769477,0.5548989304436578,0.03986528550253974,0.05571550662318865,0.12161995577812194,0.018512926146388053,0.00483877807483077,0.004109522804617882,0.0007292552567087114,9.826825408935546,0.9300641250610352,0.6169164581298828,0.7410050201416015,0.03951490640640259,0.023351704221218822,0.7117882843017578
67,0.1522340077029334,0.033916021254327564,0.02146933229267597,0.019858819352255926,0.001610513054765761,9.684865683661567,0.6067395131852892,0.5218415665096707,0.5574672966003418,0.03986528529061212,0.05538535354700354,0.12034823632240295,0.018256396502256394,0.00471484450250864,0.004067824058234692,0.0006470204293727874,9.737699523925782,0.9309110107421875,0.6189895858764648,0.7401462097167969,0.03951490640640259,0.022971241004765032,0.7083299514770507
68,0.1518662671380573,0.03389585050609377,0.02123267218636142,0.019653635573056008,0.0015790366346223486,9.673774528503419,0.6062117621103923,0.5227283168368869,0.5576047227647569,0.03986528526412116,0.05512852269245519,0.12041868013143539,0.019135817751288413,0.0048387496955692765,0.00411087155342102,0.0007278780494816601,9.644411506652832,0.9295032424926758,0.6111539688110351,0.7367041320800781,0.03951490640640259,0.02397456744685769,0.7204135162353515
69,0.15141754995452034,0.033833164168728724,0.0210339473237594,0.019470040827989577,0.0015639064666918582,9.655044116550021,0.6065551617940267,0.5224171320597331,0.5577603552076552,0.03986528563499451,0.05486711149248812,0.11936349844932556,0.018670752868056296,0.004527744472026825,0.003848843935877085,0.000678900524508208,9.616500244140624,0.9336631622314453,0.6713532257080078,0.7802430114746094,0.03951490640640259,0.02319849734008312,0.7506083068847657
70,0.15110713076591492,0.033863441000382105,0.020908193932639228,0.019367038854294354,0.001541155051646961,9.633549732632106,0.6061628761291504,0.5223980854882134,0.557459512922499,0.03986528507868449,0.05477163493302133,0.12001467144489289,0.019124739557504655,0.004509077683091164,0.00387854478508234,0.0006305328640155494,9.638085655212402,0.9326151962280274,0.576845817565918,0.7124565658569336,0.03951490640640259,0.02363381724059582,0.742110987854004
71,0.15060396915011937,0.033816123399469586,0.020675888852940666,0.019151563071542317,0.0015243256332145797,9.611195922851563,0.606482369740804,0.524670920477973,0.55910363345676,0.03986528533034855,0.05449201225241025,0.11863143944740295,0.018790144145488737,0.004403545595705509,0.0037905574887990953,0.0006129880826920271,9.543775108337403,0.9469037628173829,0.6607756423950195,0.7779836807250976,0.03951490640640259,0.02319368974119425,0.7495067199707031
72,0.1502896716064877,0.03378897122210926,0.020489885278873972,0.018987227564056713,0.0015026576755982307,9.601081704033746,0.6086237104203966,0.5249872932434082,0.5599099731445313,0.039865285529030695,0.054278856500983234,0.11910468250513077,0.01911325152218342,0.004346895467489958,0.0037751325145363806,0.0005717629599384964,9.56445376586914,0.9409601211547851,0.5916133041381836,0.7257650527954101,0.03951490640640259,0.02346014698967338,0.7466304885864258
73,0.14978845834732055,0.033718886726432376,0.020295656152897412,0.01880731197529369,0.0014883441064092848,9.577391810099284,0.6071139878167047,0.5254453362358941,0.5595919596354166,0.039865285184648304,0.05401454287932979,0.11881532114744187,0.018550709903240203,0.0043175509124994274,0.0036906117815524338,0.0006269390247762203,9.594706253051758,0.9323300170898438,0.6227597732543946,0.7445949859619141,0.03951490640640259,0.02286826081573963,0.748208659362793
74,0.1495153283410602,0.033828882151179844,0.02014333609574371,0.01866373995443185,0.0014795961763916744,9.55431116994222,0.6070619195302327,0.5215248057047526,0.5573544845581054,0.03986528534359402,0.05397221824692355,0.11949915128946305,0.019762248143553734,0.0043330277502536775,0.0037033309526741504,0.0006296968064270913,9.540387718200684,0.9542835006713867,0.5113974647521973,0.6657080383300781,0.03951490640640259,0.024095275893807413,0.7253016647338868
75,0.14923303214708963,0.03380963480141428,0.019934206648005378,0.018484475662310918,0.0014497308593450322,9.548919358995226,0.6075133842892116,0.5247546130286322,0.5594548846350775,0.03986528494622972,0.053743841449419655,0.11871677911281586,0.01900087669491768,0.004204427063465119,0.00366861461289227,0.0005358125087805092,9.551147750854492,0.9383361358642578,0.572420783996582,0.7106748199462891,0.03951490640640259,0.023205303758382798,0.7249453155517578
76,0.148647609922621,0.03375605344441202,0.019802465740177366,0.01837157759567102,0.0014308881408845386,9.5089093653361,0.6090028764936659,0.5240309658050537,0.5595664785173204,0.039865285529030695,0.053558519184589384,0.11835525566339493,0.01819397933781147,0.003946237314492464,0.0034294438585639,0.0005167934154160321,9.621503959655762,0.9327256088256836,0.663405372619629,0.775096549987793,0.03951490640640259,0.022140216652303934,0.7243678894042969
77,0.148333168970214,0.033706739832957584,0.01959314458900028,0.01817755136390527,0.0014155932521033618,9.503328773498534,0.6097609640757243,0.527131704542372,0.5616413010491266,0.0398652855820126,0.05329988442195786,0.11786904233694076,0.018102197393774985,0.003881428852677345,0.0033326922953128813,0.0005487366034649312,9.588541862487792,0.9411306762695313,0.660181785583496,0.7748103790283203,0.03951490640640259,0.02198362624645233,0.734176954650879
78,0.14815911347336239,0.03364106889896923,0.019431498106982973,0.01803545985950364,0.001396038258758684,9.50865490468343,0.6085534729427762,0.5278058755662706,0.5616662373012966,0.03986528526412116,0.0530725670059522,0.11730404537916184,0.01780515302717686,0.0041337449625134465,0.0034618491753935815,0.0006718957675620914,9.536515106201172,0.9491897125244141,0.7073363418579102,0.810034683227539,0.03951490640640259,0.021938897989690304,0.7472648941040039
79,0.14765549540519715,0.033588842163483304,0.019318547603156832,0.017936804526382022,0.0013817431655608946,9.474810888502333,0.6095859546661377,0.5300206366644965,0.5634954282972547,0.039865284972720676,0.05290738976664014,0.1175970983505249,0.018889586195349695,0.0039272898323833945,0.0033341739922761915,0.0005931158340536058,9.478022651672363,0.9360665512084961,0.5634818229675292,0.7029090423583985,0.03951490640640259,0.02281687602773309,0.754705094909668
80,0.14730726497703128,0.03356815439462662,0.019103235236472553,0.01773222524424394,0.0013710098841951952,9.463587689717611,0.6098289896647135,0.5273971498277452,0.5620273723602295,0.03986528555552165,0.05267138963109917,0.11713052606582641,0.018321116656064985,0.0037970323078334333,0.00330900864303112,0.000488023673184216,9.501237968444824,0.9512409133911133,0.6135984306335449,0.7452386245727539,0.03951490640640259,0.02211814896389842,0.761617855834961
81,0.14700940839449564,0.033555553338593905,0.019020846949683295,0.017655559538139236,0.0013652875277524192,9.443301012674967,0.6090148980882433,0.5284429016113281,0.5623450130886501,0.03986528526412116,0.0525764002882772,0.11664271676540375,0.01827784004807472,0.0035657076332718135,0.0031566830575466154,0.0004090245212428272,9.47991716003418,0.9523515014648437,0.6752524871826172,0.7901016845703125,0.03951490640640259,0.021843547681346536,0.7646188827514648
82,0.14673183279567295,0.033556411759720906,0.018887957447104985,0.017541116739312808,0.001346840665365259,9.42874656507704,0.6102247825198703,0.5264170672098796,0.5615955759684245,0.03986528526412116,0.052444369206825894,0.11594622510671615,0.018421182125806807,0.003546982333064079,0.003158600926399231,0.00038838143041357396,9.397806228637695,0.9465358276367187,0.6576792755126953,0.7755406723022461,0.03951490640640259,0.021968164458870888,0.7647649414062501
83,0.14640303474002414,0.033515138811535304,0.018732075134913127,0.017401014521718026,0.0013310605913607612,9.415582281324598,0.6111611412896051,0.5279080357021756,0.5628168000115289,0.03986528502570258,0.052247213946448434,0.11687053406238555,0.018620378464460373,0.0037035714648664,0.0032161904759705068,0.00048738095443695784,9.454658554077149,0.9515624008178711,0.6551638793945312,0.7752543640136719,0.03951490640640259,0.02232394992932677,0.7578088775634766
84,0.14605971071455215,0.03351418400141928,0.01860919580525822,0.01729079329967499,0.0013184025338850915,9.393633238898383,0.6110962846544054,0.5282628305223253,0.5631174994574653,0.03986528562174903,0.0521233798066775,0.11683380860090256,0.01857461975514889,0.003613620037212968,0.003136559395119548,0.00047706064442172645,9.464557167053222,0.9486848754882813,0.6451502227783203,0.7675169601440429,0.03951490640640259,0.022188239792361855,0.7707304611206054
85,0.14567987002266777,0.03345458620952235,0.018419323964251413,0.017118537886275185,0.0013007860146462917,9.380596217685275,0.611455674065484,0.5318526713053385,0.5652750297122532,0.03986528529061212,0.05187391017377377,0.11555871331691742,0.018744280114769935,0.0035380419716238977,0.0030754526928067206,0.00046258931094780566,9.327639373779297,0.9420682144165039,0.6208406524658203,0.7460504455566406,0.03951490640640259,0.022282322086393833,0.7708928253173828
86,0.14529716142018637,0.033417727472053634,0.01829716553952959,0.017002252088652716,0.0012949135455613335,9.358227042304145,0.611501341925727,0.5312295436859131,0.5648530578613281,0.039865285449557836,0.05171489301158322,0.11560349833965301,0.017729157865047456,0.003607538325712085,0.0030651274155825375,0.0005424109422601759,9.426680503845215,0.9440870361328125,0.6990816192626953,0.8028740615844726,0.03951490640640259,0.021336696190759542,0.7734473007202147
87,0.14509447269969517,0.03331493431992001,0.0181807997557852,0.01690698623822795,0.0012738135692973932,9.359874120076498,0.6129907247755263,0.5327224426269531,0.5664751502143012,0.03986528566148546,0.05149573407570521,0.11566457176208496,0.01866648559272289,0.0036520145535469057,0.003063046338036656,0.0005889681885018945,9.334607200622559,0.9483752517700196,0.6185142288208008,0.7485574951171875,0.03951490640640259,0.022318500146269796,0.7680506652832031
88,0.14485726711485122,0.03339075486196412,0.018071612197491857,0.01679804169634978,0.0012735705244251423,9.339490278455946,0.6121658573150635,0.5323962334526909,0.5659441570705838,0.03986528534359402,0.05146236705945598,0.11416853070259095,0.01867193393409252,0.0035575029440224172,0.003073846345767379,0.00048365664388984444,9.193909835815429,0.935628189086914,0.6156387939453125,0.7417924346923828,0.03951490640640259,0.022229436878114937,0.7613582794189453
89,0.1443908202118344,0.03336736833386951,0.017932892276181115,0.016678024906251164,0.0012548673796570963,9.309056181165907,0.6131498650444879,0.5316832029554579,0.5658871245914036,0.03986528564823998,0.05130026061005062,0.11440828454494477,0.01827221781015396,0.003262411182746291,0.0028770745117217304,0.0003853366628754884,9.28736566925049,0.9478385696411132,0.6662755355834961,0.7820300598144532,0.03951490640640259,0.02153462899290025,0.7642608993530273
90,0.1441488425731659,0.03336257452103827,0.01777526069515281,0.016529628038406373,0.0012456326498132613,9.301100947062174,0.6127388568454318,0.5323779951731364,0.5660398199293348,0.039865285184648304,0.05113783521619108,0.11401966160535812,0.017581184774637222,0.003128274766728282,0.0027710242476314305,0.00035725050629116593,9.33102049255371,0.9512658767700195,0.6943732986450195,0.802550033569336,0.03951490640640259,0.020709459541365504,0.7755608169555664
91,0.1438980346388287,0.033232935332589676,0.017691321447491647,0.01644894569284386,0.0012423757271220286,9.29737798055013,0.6151896343231201,0.5352340367635091,0.568638155831231,0.03986528542306688,0.05092425678008132,0.1146337902545929,0.01841162118315697,0.0033309560716152193,0.002893692474812269,0.00043726359447464347,9.28912149810791,0.9483351669311524,0.6663915786743164,0.7824762420654297,0.03951490640640259,0.02174257725477219,0.7714812530517579
92,0.1435442181163364,0.03323607466287083,0.017564985533555347,0.016349371949831645,0.0012156137045886781,9.274315988328722,0.6135624851650662,0.5343875726064046,0.5678194075690376,0.039865285396575925,0.050801060196426176,0.11395689803361893,0.01771763089299202,0.0031443135403096674,0.002759725473821163,0.0003845880851149559,9.3094956741333,0.9453047790527344,0.6816864776611328,0.7918426971435547,0.03951490640640259,0.020861944433301687,0.7801382934570313
93,0.14324992586506738,0.033098596774869496,0.017452979255053732,0.016240769490599632,0.001212209741377996,9.26983518134223,0.61508960808648,0.5381428565979004,0.5705375595092773,0.03986528519789378,0.05055157602992323,0.11393368375301362,0.017708758726716043,0.0031336924899369478,0.0027507086005061866,0.00038298387825489046,9.30912336730957,0.9458659439086914,0.6768817749023438,0.7886361389160156,0.03951490640640259,0.020842451216652992,0.7895070343017578
94,0.14296607960595026,0.03308809267150031,0.017344643112685944,0.01614378109905455,0.001200862064336737,9.253334668477377,0.6154329143100314,0.5365022404988606,0.569823647181193,0.03986528550253974,0.05043273578418626,0.11393095463514329,0.01682222408056259,0.003076033754274249,0.002667640807107091,0.00040839298139326276,9.403270141601563,0.9323718490600585,0.722153923034668,0.8132324905395508,0.03951490640640259,0.01989825783483684,0.7957475204467773
95,0.14271875058280098,0.03305272944437133,0.017210519678890705,0.016015638834900325,0.0011948807911119528,9.245550352308486,0.6155074170430501,0.5385094131893582,0.5709393518235948,0.039865285184648304,0.050263249123262035,0.1142006238102913,0.018076885372400285,0.0031309464182704685,0.002684985151514411,0.00044596128165721896,9.299279487609864,0.956261962890625,0.6576212387084961,0.7783578338623047,0.03951490640640259,0.021207831790670754,0.7909090805053711
96,0.14242963086234198,0.03314034469756815,0.017131199859910542,0.015949314552876685,0.001181885414549874,9.21580886332194,0.6162732387118869,0.5362609015570746,0.5698812679714627,0.03986528522438473,0.05027154455747869,0.11291102659702301,0.017035561099648475,0.0029231826104223727,0.002596785768866539,0.00032639682898297906,9.295228401184081,0.9506007843017578,0.7332837753295899,0.8276404571533204,0.03951490640640259,0.019958743710070847,0.7999419235229492
97,0.14222719910409715,0.03300776513086425,0.016997931342985894,0.015824257602294285,0.001173673673429423,9.222150410122342,0.6171871409946018,0.5385191090901693,0.5716505769093831,0.03986528526412116,0.05000569647385014,0.11190539556741715,0.017005352407693863,0.003089506944641471,0.0026540377959609032,0.0004354691323824227,9.181053771972657,0.9555711822509766,0.7355620880126953,0.8308042831420899,0.03951490640640259,0.020094859352335334,0.8077342407226563
98,0.1419367264509201,0.03296213699380557,0.016911170232627126,0.015746076352066464,0.0011650939408896699,9.206342113071019,0.6171882578531901,0.5389025963677301,0.571851941426595,0.03986528522438473,0.0498733072264327,0.11316274201869965,0.016322512686252594,0.002896117402240634,0.002599540228024125,0.00029657712881453333,9.394411361694337,0.9364020156860352,0.7727245483398437,0.8463870620727539,0.03951490640640259,0.019218630088493227,0.8192844253540039
99,0.14170120888286167,0.03292457144790226,0.016785231206152173,0.01563650927775436,0.0011487219073913163,9.199140869140624,0.6183681954277886,0.539065542432997,0.5724471672905816,0.03986528560850355,0.04970980265405443,0.1126193243265152,0.018516351342201233,0.003019713558256626,0.002617534399032593,0.00040217915177345276,9.108326293945312,0.9489434661865235,0.6562251052856445,0.7754962463378906,0.03951490640640259,0.021536064900457858,0.8117371765136718
100,0.14136679906315275,0.03292070367270046,0.01666293054156833,0.015511780227224032,0.001151150216969351,9.178316529168024,0.6183831638760037,0.5418515379163954,0.5742391166687012,0.03986528507868449,0.04958363421426879,0.11228459560871125,0.017741257414221764,0.0027617303635925055,0.0025003370177000763,0.0002613933419343084,9.17816103363037,0.959076400756836,0.7141879272460937,0.8183821258544922,0.03951490640640259,0.02050298777781427,0.8197420349121094
101,0.14116596530543432,0.03277991931968265,0.016595344170928002,0.015453665107488633,0.0011416790100435416,9.17907034386529,0.6204921230740017,0.543758614010281,0.5761111492580838,0.03986528563499451,0.04937526349061065,0.11330742692947388,0.0188421184271574,0.0031423658095300197,0.0027642252296209337,0.00037814057152718306,9.132294273376464,0.9598846893310546,0.6076800918579102,0.7436653671264648,0.03951490640640259,0.02198448423668742,0.8029470169067382
102,0.14080786940786574,0.03280794969532225,0.01655042963392205,0.015418284866544936,0.0011321447804156276,9.144949273851182,0.6215130568610298,0.5405611110263401,0.5747456520928277,0.039865285529030695,0.04935837932924429,0.11206924098730087,0.01677876429259777,0.0027768852896988393,0.002470845144242048,0.00030604015151038767,9.25135927581787,0.9647011795043945,0.7314115600585938,0.8312682800292969,0.03951490640640259,0.019555649582296608,0.8030398162841796
103,0.14056481721666125,0.03282141620583005,0.016419932280977566,0.015300732884142134,0.0011191993473201162,9.132347070482043,0.6194554002549914,0.5418552725050184,0.574416790008545,0.039865285105175445,0.04924134848680761,0.11235151076316834,0.017532569527626038,0.0027707484234124422,0.002462226549163461,0.0003085218444466591,9.204819580078125,0.9695930786132813,0.659975700378418,0.7847018966674805,0.03951490640640259,0.02030331795103848,0.790702783203125
104,0.14031275639269086,0.03277518735660447,0.01628805009358459,0.015177718535065651,0.001110331497569051,9.124952113681369,0.6184577729966906,0.5434590488009983,0.5751226673126221,0.03986528538333045,0.04906323745018906,0.11129046154022217,0.01698907668888569,0.002688883909955621,0.002425387455150485,0.00026349640218541025,9.161250259399415,0.9672043075561524,0.7872910766601563,0.8675396194458008,0.03951490640640259,0.01967796059884131,0.8091114578247071
105,0.14000936852561102,0.032718755112753975,0.016199790716171263,0.015099195192257563,0.0011005954916278521,9.109082511054146,0.6221370813581678,0.5428500529395209,0.5762014920976427,0.039865285317103066,0.04891854582892524,0.11190834903717041,0.017889359220862388,0.002644818253815174,0.0023729109521955253,0.0002719072666950524,9.137417121887207,0.9458074111938477,0.5516865310668946,0.6951607360839843,0.03951490640640259,0.020534177474677562,0.7844671798706054
106,0.13980817527241177,0.0327562602394157,0.016180215363701185,0.015077962930003802,0.0011022524480811425,9.087170203314887,0.6204389542473687,0.543299503326416,0.5758559205796984,0.03986528546280331,0.04893647560311688,0.11097214925289155,0.016792474284768103,0.0027318601906299593,0.0023783313762396575,0.000353528780862689,9.1447816696167,0.9487887573242187,0.6764761657714844,0.7892003936767578,0.03951490640640259,0.019524334475398062,0.793574185180664
107,0.13950206621487934,0.03262788412968318,0.016018689604269134,0.014925926167103979,0.001092763472865853,9.085549539354112,0.6194231406317817,0.544943534427219,0.5765037445492215,0.039865285317103066,0.048646573733952314,0.11100733506679535,0.017549444749951362,0.0027125670723617077,0.002424553271383047,0.0002880138368345797,9.074532386779785,0.9558117141723633,0.6518036041259766,0.7742724533081055,0.03951490640640259,0.020262011822313068,0.7821750198364258
108,0.13926337299082014,0.03263202074335681,0.01593391439318657,0.014854876185456911,0.00107903816882107,9.069743906656901,0.6216994972229004,0.5446308392418755,0.5773095539940728,0.03986528515815735,0.04856593513654338,0.11124028575420379,0.01718975120782852,0.0028011669162660837,0.0023729321602731944,0.00042823475901968775,9.124936988830566,0.9589881515502929,0.7502311019897461,0.841219985961914,0.03951490640640259,0.019990918124094606,0.7934786376953125
109,0.13910579164822898,0.032627876844671035,0.015858494261900585,0.014783378273248672,0.0010751159086616502,9.061942424350315,0.6209407064649793,0.5452772178649903,0.5771616378360325,0.03986528515815735,0.04848637110657162,0.11191413843631745,0.01874565453827381,0.0027622671015560627,0.0023594755847007034,0.00040279152267612515,9.04062184906006,0.9652161636352539,0.5957238082885742,0.7354658203125,0.03951490640640259,0.021507921639829876,0.7670638778686524
110,0.13878799459669325,0.03253342048989402,0.01575195716900958,0.014687001027994686,0.0010649561575199996,9.050261789109971,0.6223514963785808,0.5453443332248263,0.5779057500627306,0.039865285529030695,0.0482853776589036,0.11067682230472564,0.01727400442957878,0.0027434957418590784,0.002386975094676018,0.00035652062552981076,9.065932357788085,0.9632184295654297,0.7116627960205079,0.8173445816040039,0.03951490640640259,0.02001750017143786,0.7915006469726562
111,0.1385837152004242,0.03258658376998372,0.01568027440127399,0.014612990175684293,0.001067284235627287,9.031686096191406,0.6218013445536296,0.5464063854217529,0.5783095707363552,0.03986528555552165,0.04826685817125771,0.11037977939844132,0.016915757134556772,0.002701302582398057,0.002301484340801835,0.000399818247416988,9.076272224426269,0.9524103012084961,0.7324258422851563,0.8274625930786133,0.03951490640640259,0.019617059716954828,0.7991530868530273
112,0.13834012144141727,0.03249630445241928,0.015612295808063613,0.014561822390390767,0.0010504734189663496,9.023152176751031,0.6247684338887532,0.5459427443610297,0.5793463083902994,0.03986528522438473,0.048108600260482894,0.11058213239908218,0.01704130095243454,0.0028755844812840222,0.002444008084014058,0.0004315764361526817,9.066524826049804,0.9699500274658203,0.6852914810180664,0.8026939163208008,0.03951490640640259,0.019916885433718563,0.8048373794555663
113,0.13789730019039578,0.032483540409141115,0.01550082620150513,0.014457984714044464,0.00104284147431867,8.991293606228298,0.6259680853949653,0.5459524269104004,0.5797208997938368,0.039865285105175445,0.04798436661064624,0.11025863128900527,0.01736453729867935,0.002614573109894991,0.0022725273035466673,0.0003420458249747753,9.027952407836914,0.9592617797851563,0.7211214370727539,0.8229706954956054,0.03951490640640259,0.019979110408574342,0.8011875213623046
114,0.13778291828102535,0.032420453462335797,0.015428215528527895,0.014394891062544452,0.0010333244911291534,8.99342517513699,0.6237950693766277,0.5485475218031142,0.5802880999247233,0.03986528513166639,0.047848668990863694,0.10937946218252181,0.017093342229723932,0.0025549604166299105,0.0022528879791498184,0.0003020724679809064,8.973115905761718,0.968330581665039,0.7095630340576172,0.8185190048217773,0.03951490640640259,0.01964830264635384,0.8177981582641601
115,0.1375989503065745,0.032474099198977154,0.015307727508246898,0.014273990566531817,0.001033736891578883,8.98171245405409,0.6226182452307807,0.5472669612036811,0.5791347868177625,0.039865285396575925,0.04778182670722405,0.11020283621549606,0.018089603945612907,0.002581987101584673,0.002271476924419403,0.0003105101853143424,8.953124618530273,0.9576144714355469,0.626388671875,0.7564168930053711,0.03951490640640259,0.02067159104719758,0.8056126205444336
116,0.13727203301588695,0.032421016226212185,0.015288949227995343,0.01425189096149471,0.0010370582627753416,8.956206923590766,0.6240043915642632,0.5476573367648655,0.5799399820963541,0.03986528551578522,0.047709965454207526,0.10999674814939499,0.01652822171151638,0.0024447478596121073,0.002191598800942302,0.00025314905843697486,9.102377815246582,0.9516001129150391,0.6862806167602539,0.7972242736816406,0.03951490640640259,0.018972969571128488,0.7995649566650391
117,0.13721347353193494,0.03247719418009122,0.015147792975107828,0.014134131102098359,0.001013661914298104,8.958848711649576,0.6240044220818414,0.5476681079864502,0.5800217844645182,0.03986528494622972,0.04762498715519905,0.10944540524482727,0.016822843000292777,0.0024534389674663545,0.002211878318339586,0.00024156064353883267,9.016912651062011,0.9573259963989258,0.66064013671875,0.7809200057983399,0.03951490640640259,0.019276281967759133,0.7952101745605469
118,0.1368764350546731,0.032495088211364216,0.015067697182297706,0.014054586773117383,0.0010131104613861277,8.931365204705132,0.623822684817844,0.5475879419114854,0.5796277944776747,0.03986528542306688,0.04756278539366192,0.10994576930999755,0.017070463925600052,0.0025011178832501173,0.0022555225640535355,0.0002455953047610819,9.037418930053711,0.9498582916259766,0.7004346389770508,0.8059066848754883,0.03951490640640259,0.01957158180885017,0.7917973724365235
119,0.13662299638324313,0.03232931529482206,0.014981715269386768,0.013979138183097045,0.0010025770779595606,8.931196795993381,0.6252141596476237,0.5488275697496202,0.5812628139919704,0.039865284932984246,0.04731103056420883,0.1099159483909607,0.017813104152679442,0.0024338119514286517,0.0021709173750132323,0.0002628945845644921,8.966903465270995,0.9665474624633789,0.6590049896240234,0.7835270004272461,0.03951490640640259,0.020246916104108094,0.7847989715576171
120,0.13651084367434183,0.03244377212391959,0.014927479477392303,0.013922485142946243,0.001004994333204296,8.91395927174886,0.623984735276964,0.5474680459764268,0.5800157888200548,0.03986528519789378,0.04737125160131189,0.10913972902297973,0.01689645071327686,0.0024649132676422595,0.0020925399474799634,0.00037237330432981255,8.977836708068848,0.9723728179931641,0.7150447769165039,0.8235124053955079,0.03951490640640259,0.01936136398091912,0.7982180740356446
121,0.1361334404812919,0.03237171494960785,0.014857090436749988,0.013868023213413027,0.0009890672161968219,8.890463691711426,0.625067318810357,0.5493481422000461,0.5814145060645209,0.03986528486675686,0.04722880538635783,0.10871688121557235,0.016390841022133826,0.002377862548455596,0.002158290633931756,0.00021957188076339663,8.994818153381347,0.9648365249633789,0.7344738464355469,0.832916145324707,0.03951490640640259,0.01876870357058942,0.8053564483642578
122,0.13605091121461657,0.03241496060623063,0.01476577472852336,0.013777506885429223,0.0009882678526143232,8.887017717997233,0.6253728938632541,0.5464630309210883,0.5798703125847711,0.03986528519789378,0.04718073533475399,0.1085338749885559,0.01628139506280422,0.0023197461403906346,0.00209858220256865,0.00022116390336304902,8.993273338317872,0.9520984802246094,0.7530721893310547,0.8405445785522461,0.03951490640640259,0.018601141203194855,0.8172813629150391
123,0.13583754339483048,0.032376057234075335,0.014714499347739749,0.013733119211263127,0.0009813801207476192,8.874698895772298,0.6266008847554525,0.5489128396775987,0.5817255090077718,0.03986528555552165,0.04709055658181509,0.1086254934668541,0.017706674322485925,0.0023172997422516344,0.002079107664525509,0.00023819205211475492,8.860152008056641,0.9635764389038086,0.6541273651123047,0.7782683410644531,0.03951490640640259,0.02002397406473756,0.8117536941528319
124,0.1356823581589593,0.032417391926050185,0.014626176355613602,0.013657148810724417,0.0009690275699314144,8.863879283481173,0.6259368807474772,0.5465772709316677,0.5801048452589247,0.03986528498596615,0.04704356828166378,0.10812469571828842,0.017297705501317977,0.002381699653342366,0.0020602473597973584,0.00032145231589674947,8.844529205322265,0.9487924041748047,0.6651841812133789,0.7815804443359375,0.03951490640640259,0.019679405154660344,0.8113643829345702
125,0.1352618268860711,0.032302108984854486,0.014567054204642773,0.013599049458073244,0.0009680047273221943,8.839266539679633,0.6234948389265272,0.5494019807179769,0.5809225891960992,0.03986528538333045,0.04686916318949726,0.10803361177444458,0.017785514101386072,0.0023791736364364626,0.0020698781237006186,0.0003092955453321338,8.786892570495606,0.9747767944335938,0.6468711166381836,0.7771809844970703,0.03951490640640259,0.020164687737822533,0.8020980987548828
126,0.13507943138811324,0.03232039069798258,0.014464247536328103,0.013502131112747721,0.0009621164127149516,8.829479504055447,0.6254461161295573,0.5495963007609049,0.5817408201429579,0.039865285317103066,0.046784638234310685,0.10746979963779449,0.017228303536772727,0.002440795011818409,0.002113491404801607,0.0003273036202881485,8.780070259094238,0.96224658203125,0.6891859817504883,0.8019824752807617,0.03951490640640259,0.019669098548591137,0.7959113647460938
127,0.13501871543460423,0.03237568118837145,0.014392748110824161,0.013437606391807397,0.0009551416791251136,8.825028644137912,0.6256369811164009,0.5499566531711154,0.5820043343438043,0.03986528560850355,0.046768429299195606,0.10843044143915176,0.017291636869311334,0.002172251360490918,0.0019594995025545357,0.00021275185560807585,8.89665552520752,0.9751867599487305,0.7356250762939454,0.8383498992919922,0.03951490640640259,0.019463888229802252,0.7954724288940429
128,0.13467673587799073,0.032314075304402244,0.014356002805961504,0.013396026424235768,0.0009599763627888428,8.80066598002116,0.6263195605807834,0.5491850070953369,0.5817523918151856,0.03986528513166639,0.04667007811036375,0.10759010350704193,0.01696221323311329,0.002325189946219325,0.0020072642117738722,0.00031792572839185593,8.830270240783692,0.9648152084350586,0.7256404113769531,0.8278731994628906,0.03951490640640259,0.019287403179332613,0.8053934005737304
129,0.1346096605989668,0.032360022481944827,0.014290329636798965,0.013348534751269552,0.0009417948871850968,8.795930964152019,0.6255200812021892,0.5480298890007866,0.5808883069356282,0.039865285449557836,0.04665035211874379,0.1076809863448143,0.017327125295996667,0.0022349835727363825,0.00198826833255589,0.0002467152334284037,8.811888023376465,0.9719002380371093,0.7277312850952149,0.8319787368774414,0.03951490640640259,0.01956210886873305,0.8154730590820313
130,0.1344069425927268,0.03232518706056807,0.014189894172052542,0.01324109239379565,0.0009488017878805597,8.789186378479004,0.6239852066040039,0.5489511036343044,0.5809328068627252,0.0398652855820126,0.04651508123262061,0.10726889550685882,0.016851247787475584,0.002233370477333665,0.001990763993933797,0.00024260647711344063,8.818427848815919,0.9671843872070313,0.71748193359375,0.8230921630859375,0.03951490640640259,0.01908461826480925,0.8246552947998047
131,0.13428654600514306,0.03223381271792783,0.014096868055562178,0.013159045483503077,0.0009378225674024886,8.795586732652453,0.6266263105604384,0.5510112391577826,0.5831607424418132,0.03986528526412116,0.04633068077349001,0.10742929881811142,0.017406860247254373,0.002232983523979783,0.0019669362772256134,0.00026604727073572577,8.778945625305175,0.9614413375854493,0.6629902648925782,0.7839900054931641,0.03951490640640259,0.019639843771234157,0.8210568008422852
132,0.134084873424636,0.032369713336229324,0.01404585646589597,0.013115709515909353,0.0009301469559884734,8.766930627610948,0.6259704911973741,0.546243231455485,0.5799371736314561,0.039865285449557836,0.046415569802125294,0.10819043165445327,0.01589347046613693,0.0022114458233118057,0.0019041731292381882,0.00030727269500494003,9.008551765441895,0.9543261566162109,0.8051068496704101,0.8723760681152344,0.03951490640640259,0.018104916289448738,0.8278620346069335
133,0.13384676737255521,0.0323189501994186,0.013951104685664177,0.013029716133243508,0.0009213885349325008,8.757671399434408,0.6258297021653917,0.5466029951307508,0.5802595791286892,0.03986528550253974,0.046270054885082776,0.10688883423805237,0.016688635870814324,0.0021529195364564657,0.0019802210312336683,0.0001726984833367169,8.804728126525879,0.9545770034790039,0.7045116729736328,0.8089835968017578,0.03951490640640259,0.01884155540727079,0.824084114074707
134,0.13363399798340267,0.032253617140981884,0.013947882700297568,0.013026626846028698,0.0009212558408681717,8.74324988216824,0.6237012447781033,0.5511910620795356,0.5818435342576769,0.03986528550253974,0.046201499841279456,0.10824161434173583,0.017346743032336236,0.002179075201973319,0.0019407762978225947,0.00023829889087937772,8.87157984161377,0.968668327331543,0.6763633346557617,0.7948899307250976,0.03951490640640259,0.019525818234309555,0.8166663528442383
135,0.13350015428331163,0.03229478033714824,0.013831688279079067,0.01292236326303747,0.0009093250315636396,8.737368726942274,0.6282019844055176,0.548957694583469,0.5825587567223443,0.03986528562174903,0.04612646861622731,0.1064723653793335,0.01730190734565258,0.0021223427951335906,0.0019314924906939268,0.00019085031317081302,8.704811836242676,0.9679911880493164,0.6187294311523438,0.7545017013549805,0.03951490640640259,0.01942425014078617,0.8029482604980469
136,0.13337127704090543,0.03235823667711682,0.013813113875687122,0.012897776238620281,0.0009153375951573252,8.719992802090115,0.625790982776218,0.5463285785251194,0.5801250856187609,0.039865285052193535,0.04617135055280394,0.10642368227243423,0.01660737791657448,0.002016145357862115,0.001838272038847208,0.00017787333275191486,8.780016258239746,0.9661620788574219,0.7627553329467773,0.8515287322998046,0.03951490640640259,0.018623523274436594,0.8164560058593751
137,0.1331794310145908,0.032363624430365036,0.013723775628540252,0.012818997744884757,0.0009047779145961006,8.70920337677002,0.6247827779981825,0.5493731257120769,0.5815313201480442,0.03986528523763021,0.046087400058905284,0.10654211270809173,0.016502189889550208,0.002121597269549966,0.0018904436379671096,0.00023115360387600958,8.79183292388916,0.9622347717285156,0.7443959426879883,0.8381274642944336,0.03951490640640259,0.018623787159100173,0.8096062850952148
138,0.13308821492724948,0.0322637146976259,0.013661416111720932,0.012758362010949188,0.0009030541202260388,8.716308636983236,0.6277007747226291,0.546112436082628,0.5807328368292914,0.03986528527736664,0.045925130809346834,0.10533151000738145,0.016487235501408577,0.002108734617009759,0.001885702434927225,0.00022303215740248562,8.67355411529541,0.9594910125732422,0.7392393341064453,0.8335664825439453,0.03951490640640259,0.018595970118418337,0.8145228622436523
139,0.1328223427136739,0.032318755042221814,0.013646540562311809,0.012742519196536807,0.0009040213460620079,8.6857048441569,0.6246640705532498,0.5467284950680202,0.5796929030948215,0.039865285476048784,0.04596529560453362,0.10707773524522782,0.01606094302237034,0.002011543907225132,0.0017797803608700633,0.00023176356218755246,8.900525192260742,0.959795783996582,0.7309484939575195,0.8288192443847656,0.03951490640640259,0.018072486929595472,0.8213087249755858
140,0.13263015384144253,0.0322400911781523,0.01356349337928825,0.012672244761553075,0.0008912486234265897,8.682657097710504,0.6252509388393825,0.5485655233595106,0.5810654879675972,0.03986528542306688,0.045803584557440546,0.10555809307098389,0.01634151591360569,0.0020403148736804723,0.001816146989353001,0.00022416783962398768,8.717626373291015,0.951646842956543,0.742550765991211,0.8334605102539062,0.03951490640640259,0.01838183078728616,0.8371004867553712
141,0.13252647693951924,0.03233458884557088,0.013522869492570559,0.012621995660165945,0.0009008738460640112,8.666902087741429,0.6229649914635552,0.5474246268802219,0.5793801494174533,0.03986528526412116,0.04585745833814144,0.10720448780059814,0.017359820067882538,0.002115800665691495,0.0018763174144551158,0.00023948326939716936,8.772886787414551,0.9673640441894531,0.6897173156738281,0.8049221496582031,0.03951490640640259,0.019475620733574034,0.8277791702270507
142,0.13241135716438293,0.03229831363095177,0.013467800771196683,0.012581893090572623,0.0008859076792270773,8.664524323357476,0.6265761973063151,0.5491183170742459,0.5820300771925184,0.039865285396575925,0.04576611440214846,0.10553388315439224,0.016797112360596656,0.0022000676542520523,0.0019340398609638213,0.0002660278063267469,8.65367041015625,0.9675260543823242,0.6806059188842773,0.7984313201904297,0.03951490640640259,0.018997180014848708,0.81983994140625
143,0.1322006499502394,0.032254845016532474,0.01341353683339225,0.012532600997222794,0.0008809358219926556,8.653227107577854,0.6253958382076688,0.548658618927002,0.5813209080166287,0.039865285317103066,0.04566838184992472,0.10646460592746734,0.017206716373562813,0.00206803416274488,0.0018304213909432292,0.00023761277226731181,8.718985816955566,0.9614248962402344,0.6632735290527344,0.7843422546386719,0.03951490640640259,0.019274750536307693,0.8099950958251952
144,0.1321388045284483,0.03230325223008792,0.0133244227891167,0.0124525949532787,0.0008718279005131788,8.651113071865506,0.6267580782572428,0.5470899872250027,0.5806409742567274,0.039865285529030695,0.04562767501920462,0.10535239511728287,0.01709803508222103,0.002037252524867654,0.0017654050951823592,0.00027184741850942376,8.621711143493652,0.9669185409545898,0.6741494369506836,0.7924822692871094,0.03951490640640259,0.019135287607088682,0.8027277008056641
145,0.13191785532898373,0.03235087226165666,0.013279575866957506,0.012404794436362054,0.0008747814232483506,8.628740884568955,0.623375666724311,0.5465391614702013,0.5790413733588324,0.03986528526412116,0.045630448128614165,0.10509088695049286,0.016759852096438408,0.0019184558317065239,0.0017332841092720628,0.00018517171021085232,8.64125821685791,0.9651671752929688,0.6933227844238281,0.806192886352539,0.03951490640640259,0.01867830792814493,0.7972741760253906
146,0.13183274722099303,0.03222550110022227,0.01323011776059866,0.012355283813344107,0.0008748338435673052,8.637712984720865,0.6263986494276259,0.5497949786716038,0.5824182764689128,0.03986528534359402,0.04545561886082093,0.10656971889734268,0.017001663357019425,0.002060338856652379,0.0018359286887571216,0.00022441012877970934,8.750771827697754,0.9652035369873047,0.7557817077636719,0.8470624084472657,0.03951490640640259,0.019062002213671804,0.8057022277832031
147,0.13160669734742905,0.032327517529328664,0.013203877391914526,0.012330591259731186,0.0008732861513271928,8.607530427720812,0.6254668765597873,0.5466821520063612,0.580066754023234,0.039865285529030695,0.04553139492124319,0.10525516444444656,0.01659236741065979,0.001883175074122846,0.0017279123114421963,0.00015526278014294802,8.677962417602538,0.955882568359375,0.7311314773559571,0.8281448059082032,0.03951490640640259,0.01847554248478264,0.8116449249267579
148,0.13147498828834958,0.03232617756062084,0.013146901607513427,0.012278909054895242,0.0008679925286107593,8.600191094292535,0.62504138607449,0.5470441809760199,0.5800215146806506,0.0398652855820126,0.04547307916813427,0.10545510351657868,0.01716962271928787,0.0018762989342212676,0.0016853588605299592,0.00019094007881358265,8.64091837310791,0.965489875793457,0.6915170745849609,0.8053488159179687,0.03951490640640259,0.01904592165350914,0.8158462371826172
149,0.13129701177279154,0.03225754438340664,0.013106808460421032,0.012238403261535698,0.0008684051881751253,8.59326611328125,0.625907699584961,0.5465549960666233,0.5802099575466579,0.039865285833676656,0.04536435284382767,0.10505895811319352,0.016751838743686676,0.0019650181531906128,0.001700228475034237,0.0002647896856069565,8.634210304260254,0.9622809600830078,0.7181531066894531,0.8221994400024414,0.03951490640640259,0.018716856896877288,0.8217896713256836
150,0.13131035338507757,0.03231191448039479,0.013073860854738288,0.012219049143294494,0.0008548117058558597,8.592457975599501,0.6250567885504829,0.5479143943786621,0.580630461162991,0.0398652855820126,0.04538577533513308,0.10527323293685913,0.016783307537436485,0.00192910148575902,0.0017054610829800368,0.00022364039672538637,8.65608251953125,0.9661448211669922,0.7311642227172852,0.831732795715332,0.03951490640640259,0.018712409023195504,0.8268976531982422
